"","Am","y","Sex","Age","BMI","As","Bm","Bs","Cm","Cs","cond__","effect1__","estimate__","se__","lower__","upper__"
"1",-2.24375384724013,8.06666666666667,-7.41232885255923e-18,-2.87096735274162e-16,1.39265769055763e-16,0.133052450815966,-1.50107790780618e-17,0.104796725460075,3.46944695195361e-18,0.14779110813795,"1",-2.24375384724013,8.86487012247408,1.38112384517072,6.03793042110135,11.6759599878696
"2",-2.20200938410544,8.06666666666667,-7.41232885255923e-18,-2.87096735274162e-16,1.39265769055763e-16,0.133052450815966,-1.50107790780618e-17,0.104796725460075,3.46944695195361e-18,0.14779110813795,"1",-2.20200938410544,8.8372937547689,1.36051893217653,6.08757812952597,11.6177425031354
"3",-2.16026492097074,8.06666666666667,-7.41232885255923e-18,-2.87096735274162e-16,1.39265769055763e-16,0.133052450815966,-1.50107790780618e-17,0.104796725460075,3.46944695195361e-18,0.14779110813795,"1",-2.16026492097074,8.82320181228796,1.33318577011911,6.11016013197937,11.5755993873487
"4",-2.11852045783605,8.06666666666667,-7.41232885255923e-18,-2.87096735274162e-16,1.39265769055763e-16,0.133052450815966,-1.50107790780618e-17,0.104796725460075,3.46944695195361e-18,0.14779110813795,"1",-2.11852045783605,8.80977019581676,1.32000253294943,6.15349115476879,11.5229330046195
"5",-2.07677599470135,8.06666666666667,-7.41232885255923e-18,-2.87096735274162e-16,1.39265769055763e-16,0.133052450815966,-1.50107790780618e-17,0.104796725460075,3.46944695195361e-18,0.14779110813795,"1",-2.07677599470135,8.79866326565356,1.29883192513629,6.16784143650006,11.4430303790154
"6",-2.03503153156665,8.06666666666667,-7.41232885255923e-18,-2.87096735274162e-16,1.39265769055763e-16,0.133052450815966,-1.50107790780618e-17,0.104796725460075,3.46944695195361e-18,0.14779110813795,"1",-2.03503153156665,8.78447840232914,1.27601386678288,6.18356529736379,11.3685064823093
"7",-1.99328706843196,8.06666666666667,-7.41232885255923e-18,-2.87096735274162e-16,1.39265769055763e-16,0.133052450815966,-1.50107790780618e-17,0.104796725460075,3.46944695195361e-18,0.14779110813795,"1",-1.99328706843196,8.76706264236743,1.2583360445799,6.2141915359514,11.3145178233488
"8",-1.95154260529726,8.06666666666667,-7.41232885255923e-18,-2.87096735274162e-16,1.39265769055763e-16,0.133052450815966,-1.50107790780618e-17,0.104796725460075,3.46944695195361e-18,0.14779110813795,"1",-1.95154260529726,8.75646869267996,1.23266402688764,6.2628776624716,11.2825329605753
"9",-1.90979814216257,8.06666666666667,-7.41232885255923e-18,-2.87096735274162e-16,1.39265769055763e-16,0.133052450815966,-1.50107790780618e-17,0.104796725460075,3.46944695195361e-18,0.14779110813795,"1",-1.90979814216257,8.73292405582156,1.20674189111412,6.29033192836838,11.2275134204062
"10",-1.86805367902787,8.06666666666667,-7.41232885255923e-18,-2.87096735274162e-16,1.39265769055763e-16,0.133052450815966,-1.50107790780618e-17,0.104796725460075,3.46944695195361e-18,0.14779110813795,"1",-1.86805367902787,8.7220356251622,1.19522569082243,6.33031430493616,11.1482249024745
"11",-1.82630921589318,8.06666666666667,-7.41232885255923e-18,-2.87096735274162e-16,1.39265769055763e-16,0.133052450815966,-1.50107790780618e-17,0.104796725460075,3.46944695195361e-18,0.14779110813795,"1",-1.82630921589318,8.70136451362003,1.17099046899326,6.31697393847,11.1069521235116
"12",-1.78456475275848,8.06666666666667,-7.41232885255923e-18,-2.87096735274162e-16,1.39265769055763e-16,0.133052450815966,-1.50107790780618e-17,0.104796725460075,3.46944695195361e-18,0.14779110813795,"1",-1.78456475275848,8.69170827705057,1.15087525070094,6.36117370092652,11.0233880805139
"13",-1.74282028962379,8.06666666666667,-7.41232885255923e-18,-2.87096735274162e-16,1.39265769055763e-16,0.133052450815966,-1.50107790780618e-17,0.104796725460075,3.46944695195361e-18,0.14779110813795,"1",-1.74282028962379,8.67293991811506,1.12736032433611,6.36797823219847,10.9769668893479
"14",-1.70107582648909,8.06666666666667,-7.41232885255923e-18,-2.87096735274162e-16,1.39265769055763e-16,0.133052450815966,-1.50107790780618e-17,0.104796725460075,3.46944695195361e-18,0.14779110813795,"1",-1.70107582648909,8.65752827601461,1.11232274341042,6.39863056609322,10.9187644257994
"15",-1.6593313633544,8.06666666666667,-7.41232885255923e-18,-2.87096735274162e-16,1.39265769055763e-16,0.133052450815966,-1.50107790780618e-17,0.104796725460075,3.46944695195361e-18,0.14779110813795,"1",-1.6593313633544,8.64907457877792,1.0926880751208,6.41946322145061,10.8605099744624
"16",-1.6175869002197,8.06666666666667,-7.41232885255923e-18,-2.87096735274162e-16,1.39265769055763e-16,0.133052450815966,-1.50107790780618e-17,0.104796725460075,3.46944695195361e-18,0.14779110813795,"1",-1.6175869002197,8.63291297059712,1.08053956488085,6.47550299328897,10.8088641007623
"17",-1.57584243708501,8.06666666666667,-7.41232885255923e-18,-2.87096735274162e-16,1.39265769055763e-16,0.133052450815966,-1.50107790780618e-17,0.104796725460075,3.46944695195361e-18,0.14779110813795,"1",-1.57584243708501,8.60995581574444,1.06225568474471,6.48825951378539,10.7530376542266
"18",-1.53409797395031,8.06666666666667,-7.41232885255923e-18,-2.87096735274162e-16,1.39265769055763e-16,0.133052450815966,-1.50107790780618e-17,0.104796725460075,3.46944695195361e-18,0.14779110813795,"1",-1.53409797395031,8.59589698233962,1.0357938625926,6.53053319229391,10.7029157105752
"19",-1.49235351081561,8.06666666666667,-7.41232885255923e-18,-2.87096735274162e-16,1.39265769055763e-16,0.133052450815966,-1.50107790780618e-17,0.104796725460075,3.46944695195361e-18,0.14779110813795,"1",-1.49235351081561,8.58710576339069,1.02698659265995,6.52404682164937,10.6375122497416
"20",-1.45060904768092,8.06666666666667,-7.41232885255923e-18,-2.87096735274162e-16,1.39265769055763e-16,0.133052450815966,-1.50107790780618e-17,0.104796725460075,3.46944695195361e-18,0.14779110813795,"1",-1.45060904768092,8.56570336674296,0.992071403678827,6.55736816813771,10.6128254950704
"21",-1.40886458454622,8.06666666666667,-7.41232885255923e-18,-2.87096735274162e-16,1.39265769055763e-16,0.133052450815966,-1.50107790780618e-17,0.104796725460075,3.46944695195361e-18,0.14779110813795,"1",-1.40886458454622,8.55182496469015,0.975457225467127,6.58232226739814,10.5313711773243
"22",-1.36712012141153,8.06666666666667,-7.41232885255923e-18,-2.87096735274162e-16,1.39265769055763e-16,0.133052450815966,-1.50107790780618e-17,0.104796725460075,3.46944695195361e-18,0.14779110813795,"1",-1.36712012141153,8.5371482991242,0.962329057362551,6.60518838164901,10.4760658436692
"23",-1.32537565827683,8.06666666666667,-7.41232885255923e-18,-2.87096735274162e-16,1.39265769055763e-16,0.133052450815966,-1.50107790780618e-17,0.104796725460075,3.46944695195361e-18,0.14779110813795,"1",-1.32537565827683,8.52781157335914,0.947267486517364,6.63688321748207,10.410084455549
"24",-1.28363119514214,8.06666666666667,-7.41232885255923e-18,-2.87096735274162e-16,1.39265769055763e-16,0.133052450815966,-1.50107790780618e-17,0.104796725460075,3.46944695195361e-18,0.14779110813795,"1",-1.28363119514214,8.50763842120662,0.917270155765479,6.64845350443184,10.3887884619763
"25",-1.24188673200744,8.06666666666667,-7.41232885255923e-18,-2.87096735274162e-16,1.39265769055763e-16,0.133052450815966,-1.50107790780618e-17,0.104796725460075,3.46944695195361e-18,0.14779110813795,"1",-1.24188673200744,8.49135618653027,0.905266902498074,6.67679211970219,10.3403805763833
"26",-1.20014226887275,8.06666666666667,-7.41232885255923e-18,-2.87096735274162e-16,1.39265769055763e-16,0.133052450815966,-1.50107790780618e-17,0.104796725460075,3.46944695195361e-18,0.14779110813795,"1",-1.20014226887275,8.48107378865123,0.885113357209221,6.6827651930751,10.2708321886895
"27",-1.15839780573805,8.06666666666667,-7.41232885255923e-18,-2.87096735274162e-16,1.39265769055763e-16,0.133052450815966,-1.50107790780618e-17,0.104796725460075,3.46944695195361e-18,0.14779110813795,"1",-1.15839780573805,8.47095234234464,0.863559400118122,6.72322593112543,10.2005026711501
"28",-1.11665334260336,8.06666666666667,-7.41232885255923e-18,-2.87096735274162e-16,1.39265769055763e-16,0.133052450815966,-1.50107790780618e-17,0.104796725460075,3.46944695195361e-18,0.14779110813795,"1",-1.11665334260336,8.45360291861184,0.855526850871044,6.7275877664499,10.1741668599165
"29",-1.07490887946866,8.06666666666667,-7.41232885255923e-18,-2.87096735274162e-16,1.39265769055763e-16,0.133052450815966,-1.50107790780618e-17,0.104796725460075,3.46944695195361e-18,0.14779110813795,"1",-1.07490887946866,8.43802921715195,0.841252990324394,6.76251089000298,10.1072088299025
"30",-1.03316441633397,8.06666666666667,-7.41232885255923e-18,-2.87096735274162e-16,1.39265769055763e-16,0.133052450815966,-1.50107790780618e-17,0.104796725460075,3.46944695195361e-18,0.14779110813795,"1",-1.03316441633397,8.4146900491794,0.822618726636667,6.80060550161473,10.0720851282404
"31",-0.99141995319927,8.06666666666667,-7.41232885255923e-18,-2.87096735274162e-16,1.39265769055763e-16,0.133052450815966,-1.50107790780618e-17,0.104796725460075,3.46944695195361e-18,0.14779110813795,"1",-0.99141995319927,8.40475745765036,0.812989671177845,6.80978687379595,10.0213326220891
"32",-0.949675490064575,8.06666666666667,-7.41232885255923e-18,-2.87096735274162e-16,1.39265769055763e-16,0.133052450815966,-1.50107790780618e-17,0.104796725460075,3.46944695195361e-18,0.14779110813795,"1",-0.949675490064575,8.39068133557899,0.789617731313083,6.80020042411891,9.96065054000498
"33",-0.90793102692988,8.06666666666667,-7.41232885255923e-18,-2.87096735274162e-16,1.39265769055763e-16,0.133052450815966,-1.50107790780618e-17,0.104796725460075,3.46944695195361e-18,0.14779110813795,"1",-0.90793102692988,8.37571865884197,0.773931458749667,6.84113788178554,9.93737264345394
"34",-0.866186563795184,8.06666666666667,-7.41232885255923e-18,-2.87096735274162e-16,1.39265769055763e-16,0.133052450815966,-1.50107790780618e-17,0.104796725460075,3.46944695195361e-18,0.14779110813795,"1",-0.866186563795184,8.35580945079839,0.764291746861497,6.85446010489583,9.87563385804195
"35",-0.824442100660489,8.06666666666667,-7.41232885255923e-18,-2.87096735274162e-16,1.39265769055763e-16,0.133052450815966,-1.50107790780618e-17,0.104796725460075,3.46944695195361e-18,0.14779110813795,"1",-0.824442100660489,8.34573639093754,0.746572869024981,6.87323143911157,9.82402830661551
"36",-0.782697637525794,8.06666666666667,-7.41232885255923e-18,-2.87096735274162e-16,1.39265769055763e-16,0.133052450815966,-1.50107790780618e-17,0.104796725460075,3.46944695195361e-18,0.14779110813795,"1",-0.782697637525794,8.33194659193258,0.731025088680991,6.88854131068995,9.80449986197526
"37",-0.740953174391098,8.06666666666667,-7.41232885255923e-18,-2.87096735274162e-16,1.39265769055763e-16,0.133052450815966,-1.50107790780618e-17,0.104796725460075,3.46944695195361e-18,0.14779110813795,"1",-0.740953174391098,8.31252598964556,0.723915023783366,6.8912496693598,9.74241096573013
"38",-0.699208711256403,8.06666666666667,-7.41232885255923e-18,-2.87096735274162e-16,1.39265769055763e-16,0.133052450815966,-1.50107790780618e-17,0.104796725460075,3.46944695195361e-18,0.14779110813795,"1",-0.699208711256403,8.30199489377155,0.705079873836937,6.91857782984238,9.7094982944711
"39",-0.657464248121707,8.06666666666667,-7.41232885255923e-18,-2.87096735274162e-16,1.39265769055763e-16,0.133052450815966,-1.50107790780618e-17,0.104796725460075,3.46944695195361e-18,0.14779110813795,"1",-0.657464248121707,8.2860297685909,0.68550765154251,6.90655761542544,9.67096757907784
"40",-0.615719784987012,8.06666666666667,-7.41232885255923e-18,-2.87096735274162e-16,1.39265769055763e-16,0.133052450815966,-1.50107790780618e-17,0.104796725460075,3.46944695195361e-18,0.14779110813795,"1",-0.615719784987012,8.2686337248179,0.67766876928276,6.92189497039707,9.62177109385498
"41",-0.573975321852317,8.06666666666667,-7.41232885255923e-18,-2.87096735274162e-16,1.39265769055763e-16,0.133052450815966,-1.50107790780618e-17,0.104796725460075,3.46944695195361e-18,0.14779110813795,"1",-0.573975321852317,8.25601554932775,0.670644285229802,6.91805580074847,9.57473709730758
"42",-0.532230858717621,8.06666666666667,-7.41232885255923e-18,-2.87096735274162e-16,1.39265769055763e-16,0.133052450815966,-1.50107790780618e-17,0.104796725460075,3.46944695195361e-18,0.14779110813795,"1",-0.532230858717621,8.23866880394651,0.654867748050579,6.94329573913933,9.5420982151156
"43",-0.490486395582926,8.06666666666667,-7.41232885255923e-18,-2.87096735274162e-16,1.39265769055763e-16,0.133052450815966,-1.50107790780618e-17,0.104796725460075,3.46944695195361e-18,0.14779110813795,"1",-0.490486395582926,8.22620457632551,0.648802977188079,6.93912832351081,9.51978454694292
"44",-0.448741932448231,8.06666666666667,-7.41232885255923e-18,-2.87096735274162e-16,1.39265769055763e-16,0.133052450815966,-1.50107790780618e-17,0.104796725460075,3.46944695195361e-18,0.14779110813795,"1",-0.448741932448231,8.20762055549512,0.641829512369514,6.96683914678821,9.47963217551902
"45",-0.406997469313535,8.06666666666667,-7.41232885255923e-18,-2.87096735274162e-16,1.39265769055763e-16,0.133052450815966,-1.50107790780618e-17,0.104796725460075,3.46944695195361e-18,0.14779110813795,"1",-0.406997469313535,8.19080033935332,0.630927344602506,6.95039684308163,9.44518990992693
"46",-0.36525300617884,8.06666666666667,-7.41232885255923e-18,-2.87096735274162e-16,1.39265769055763e-16,0.133052450815966,-1.50107790780618e-17,0.104796725460075,3.46944695195361e-18,0.14779110813795,"1",-0.36525300617884,8.18395446753041,0.620155791554307,6.94067544062613,9.42583752168597
"47",-0.323508543044144,8.06666666666667,-7.41232885255923e-18,-2.87096735274162e-16,1.39265769055763e-16,0.133052450815966,-1.50107790780618e-17,0.104796725460075,3.46944695195361e-18,0.14779110813795,"1",-0.323508543044144,8.16312308814843,0.611532432190912,6.94985675414057,9.39163062577691
"48",-0.281764079909449,8.06666666666667,-7.41232885255923e-18,-2.87096735274162e-16,1.39265769055763e-16,0.133052450815966,-1.50107790780618e-17,0.104796725460075,3.46944695195361e-18,0.14779110813795,"1",-0.281764079909449,8.15034830738033,0.60872688308187,6.95983452694189,9.34424514812267
"49",-0.240019616774754,8.06666666666667,-7.41232885255923e-18,-2.87096735274162e-16,1.39265769055763e-16,0.133052450815966,-1.50107790780618e-17,0.104796725460075,3.46944695195361e-18,0.14779110813795,"1",-0.240019616774754,8.13516379274052,0.603068315320833,6.94828310579247,9.31472720774538
"50",-0.198275153640058,8.06666666666667,-7.41232885255923e-18,-2.87096735274162e-16,1.39265769055763e-16,0.133052450815966,-1.50107790780618e-17,0.104796725460075,3.46944695195361e-18,0.14779110813795,"1",-0.198275153640058,8.11681253883256,0.605784988161274,6.93271020071597,9.29681232419513
"51",-0.156530690505363,8.06666666666667,-7.41232885255923e-18,-2.87096735274162e-16,1.39265769055763e-16,0.133052450815966,-1.50107790780618e-17,0.104796725460075,3.46944695195361e-18,0.14779110813795,"1",-0.156530690505363,8.10360045466796,0.597598277107318,6.95242454508401,9.28262468551995
"52",-0.114786227370668,8.06666666666667,-7.41232885255923e-18,-2.87096735274162e-16,1.39265769055763e-16,0.133052450815966,-1.50107790780618e-17,0.104796725460075,3.46944695195361e-18,0.14779110813795,"1",-0.114786227370668,8.09198809273762,0.593826056818304,6.91497896222892,9.27464885856034
"53",-0.0730417642359722,8.06666666666667,-7.41232885255923e-18,-2.87096735274162e-16,1.39265769055763e-16,0.133052450815966,-1.50107790780618e-17,0.104796725460075,3.46944695195361e-18,0.14779110813795,"1",-0.0730417642359722,8.07599936071615,0.599408518724583,6.90785087749236,9.22230184013607
"54",-0.0312973011012767,8.06666666666667,-7.41232885255923e-18,-2.87096735274162e-16,1.39265769055763e-16,0.133052450815966,-1.50107790780618e-17,0.104796725460075,3.46944695195361e-18,0.14779110813795,"1",-0.0312973011012767,8.06301093550746,0.59595447246308,6.89133638848097,9.21978436119067
"55",0.0104471620334183,8.06666666666667,-7.41232885255923e-18,-2.87096735274162e-16,1.39265769055763e-16,0.133052450815966,-1.50107790780618e-17,0.104796725460075,3.46944695195361e-18,0.14779110813795,"1",0.0104471620334183,8.05302335806238,0.591887448877073,6.87254578096329,9.21873851297512
"56",0.0521916251681138,8.06666666666667,-7.41232885255923e-18,-2.87096735274162e-16,1.39265769055763e-16,0.133052450815966,-1.50107790780618e-17,0.104796725460075,3.46944695195361e-18,0.14779110813795,"1",0.0521916251681138,8.0306608308822,0.589783024709059,6.852675471216,9.18516146421771
"57",0.0939360883028093,8.06666666666667,-7.41232885255923e-18,-2.87096735274162e-16,1.39265769055763e-16,0.133052450815966,-1.50107790780618e-17,0.104796725460075,3.46944695195361e-18,0.14779110813795,"1",0.0939360883028093,8.01702378870346,0.595504707697612,6.84889380004683,9.18643020115478
"58",0.135680551437505,8.06666666666667,-7.41232885255923e-18,-2.87096735274162e-16,1.39265769055763e-16,0.133052450815966,-1.50107790780618e-17,0.104796725460075,3.46944695195361e-18,0.14779110813795,"1",0.135680551437505,8.00385687837189,0.593718182594174,6.82623243806122,9.16723385458298
"59",0.1774250145722,8.06666666666667,-7.41232885255923e-18,-2.87096735274162e-16,1.39265769055763e-16,0.133052450815966,-1.50107790780618e-17,0.104796725460075,3.46944695195361e-18,0.14779110813795,"1",0.1774250145722,7.99008743798642,0.599221948644261,6.78747593053289,9.17921000350352
"60",0.219169477706895,8.06666666666667,-7.41232885255923e-18,-2.87096735274162e-16,1.39265769055763e-16,0.133052450815966,-1.50107790780618e-17,0.104796725460075,3.46944695195361e-18,0.14779110813795,"1",0.219169477706895,7.97331716123103,0.604782992443692,6.77444930770046,9.16385385220583
"61",0.260913940841591,8.06666666666667,-7.41232885255923e-18,-2.87096735274162e-16,1.39265769055763e-16,0.133052450815966,-1.50107790780618e-17,0.104796725460075,3.46944695195361e-18,0.14779110813795,"1",0.260913940841591,7.96154028950111,0.617957857640743,6.74016962725961,9.15627236177769
"62",0.302658403976286,8.06666666666667,-7.41232885255923e-18,-2.87096735274162e-16,1.39265769055763e-16,0.133052450815966,-1.50107790780618e-17,0.104796725460075,3.46944695195361e-18,0.14779110813795,"1",0.302658403976286,7.94875477135704,0.619409485410461,6.71959643764998,9.14326322044069
"63",0.344402867110981,8.06666666666667,-7.41232885255923e-18,-2.87096735274162e-16,1.39265769055763e-16,0.133052450815966,-1.50107790780618e-17,0.104796725460075,3.46944695195361e-18,0.14779110813795,"1",0.344402867110981,7.9326876981167,0.632159312358198,6.68372881879656,9.16249945603385
"64",0.386147330245677,8.06666666666667,-7.41232885255923e-18,-2.87096735274162e-16,1.39265769055763e-16,0.133052450815966,-1.50107790780618e-17,0.104796725460075,3.46944695195361e-18,0.14779110813795,"1",0.386147330245677,7.91394907756626,0.640397609919334,6.64006610584966,9.16694869372532
"65",0.427891793380372,8.06666666666667,-7.41232885255923e-18,-2.87096735274162e-16,1.39265769055763e-16,0.133052450815966,-1.50107790780618e-17,0.104796725460075,3.46944695195361e-18,0.14779110813795,"1",0.427891793380372,7.90359977599311,0.649088499680816,6.62433514148834,9.1448109861833
"66",0.469636256515068,8.06666666666667,-7.41232885255923e-18,-2.87096735274162e-16,1.39265769055763e-16,0.133052450815966,-1.50107790780618e-17,0.104796725460075,3.46944695195361e-18,0.14779110813795,"1",0.469636256515068,7.88823027234936,0.644031515951663,6.57540922056388,9.16026275780651
"67",0.511380719649763,8.06666666666667,-7.41232885255923e-18,-2.87096735274162e-16,1.39265769055763e-16,0.133052450815966,-1.50107790780618e-17,0.104796725460075,3.46944695195361e-18,0.14779110813795,"1",0.511380719649763,7.87254872363681,0.65849737585573,6.53735304063758,9.16585693296454
"68",0.553125182784458,8.06666666666667,-7.41232885255923e-18,-2.87096735274162e-16,1.39265769055763e-16,0.133052450815966,-1.50107790780618e-17,0.104796725460075,3.46944695195361e-18,0.14779110813795,"1",0.553125182784458,7.85493216268025,0.679236575905274,6.50542356472274,9.18644265972299
"69",0.594869645919154,8.06666666666667,-7.41232885255923e-18,-2.87096735274162e-16,1.39265769055763e-16,0.133052450815966,-1.50107790780618e-17,0.104796725460075,3.46944695195361e-18,0.14779110813795,"1",0.594869645919154,7.84155755492833,0.687409511452637,6.46328702717626,9.19244180143776
"70",0.636614109053849,8.06666666666667,-7.41232885255923e-18,-2.87096735274162e-16,1.39265769055763e-16,0.133052450815966,-1.50107790780618e-17,0.104796725460075,3.46944695195361e-18,0.14779110813795,"1",0.636614109053849,7.82827412271536,0.694175481986768,6.42335286034047,9.18909204899373
"71",0.678358572188544,8.06666666666667,-7.41232885255923e-18,-2.87096735274162e-16,1.39265769055763e-16,0.133052450815966,-1.50107790780618e-17,0.104796725460075,3.46944695195361e-18,0.14779110813795,"1",0.678358572188544,7.80877918485268,0.71265940462129,6.38119150146705,9.1948647552172
"72",0.72010303532324,8.06666666666667,-7.41232885255923e-18,-2.87096735274162e-16,1.39265769055763e-16,0.133052450815966,-1.50107790780618e-17,0.104796725460075,3.46944695195361e-18,0.14779110813795,"1",0.72010303532324,7.80171825243783,0.726667550586831,6.35419583289157,9.23855562162952
"73",0.761847498457935,8.06666666666667,-7.41232885255923e-18,-2.87096735274162e-16,1.39265769055763e-16,0.133052450815966,-1.50107790780618e-17,0.104796725460075,3.46944695195361e-18,0.14779110813795,"1",0.761847498457935,7.7838310655146,0.741670169504367,6.29357392792671,9.23719931759042
"74",0.803591961592631,8.06666666666667,-7.41232885255923e-18,-2.87096735274162e-16,1.39265769055763e-16,0.133052450815966,-1.50107790780618e-17,0.104796725460075,3.46944695195361e-18,0.14779110813795,"1",0.803591961592631,7.77041541345072,0.757068995746458,6.26331038625514,9.25984351569023
"75",0.845336424727326,8.06666666666667,-7.41232885255923e-18,-2.87096735274162e-16,1.39265769055763e-16,0.133052450815966,-1.50107790780618e-17,0.104796725460075,3.46944695195361e-18,0.14779110813795,"1",0.845336424727326,7.75615890371782,0.771772414529765,6.2088034330641,9.27012516661996
"76",0.887080887862021,8.06666666666667,-7.41232885255923e-18,-2.87096735274162e-16,1.39265769055763e-16,0.133052450815966,-1.50107790780618e-17,0.104796725460075,3.46944695195361e-18,0.14779110813795,"1",0.887080887862021,7.73895990196646,0.778459029761308,6.14515625912644,9.28917825045826
"77",0.928825350996717,8.06666666666667,-7.41232885255923e-18,-2.87096735274162e-16,1.39265769055763e-16,0.133052450815966,-1.50107790780618e-17,0.104796725460075,3.46944695195361e-18,0.14779110813795,"1",0.928825350996717,7.7227442726781,0.799003349455167,6.11345718409368,9.32163858316341
"78",0.970569814131412,8.06666666666667,-7.41232885255923e-18,-2.87096735274162e-16,1.39265769055763e-16,0.133052450815966,-1.50107790780618e-17,0.104796725460075,3.46944695195361e-18,0.14779110813795,"1",0.970569814131412,7.70762122990776,0.820437071846885,6.05615706220896,9.32213896219591
"79",1.01231427726611,8.06666666666667,-7.41232885255923e-18,-2.87096735274162e-16,1.39265769055763e-16,0.133052450815966,-1.50107790780618e-17,0.104796725460075,3.46944695195361e-18,0.14779110813795,"1",1.01231427726611,7.69321664008576,0.834212174477592,6.00629612355246,9.33984334361748
"80",1.0540587404008,8.06666666666667,-7.41232885255923e-18,-2.87096735274162e-16,1.39265769055763e-16,0.133052450815966,-1.50107790780618e-17,0.104796725460075,3.46944695195361e-18,0.14779110813795,"1",1.0540587404008,7.68302788917615,0.841671303601611,5.96038167927676,9.35376282070363
"81",1.0958032035355,8.06666666666667,-7.41232885255923e-18,-2.87096735274162e-16,1.39265769055763e-16,0.133052450815966,-1.50107790780618e-17,0.104796725460075,3.46944695195361e-18,0.14779110813795,"1",1.0958032035355,7.66571805504869,0.858916644750979,5.92457634895931,9.37689763948648
"82",1.13754766667019,8.06666666666667,-7.41232885255923e-18,-2.87096735274162e-16,1.39265769055763e-16,0.133052450815966,-1.50107790780618e-17,0.104796725460075,3.46944695195361e-18,0.14779110813795,"1",1.13754766667019,7.64826592757576,0.879451209916653,5.87743364828834,9.41234162529748
"83",1.17929212980489,8.06666666666667,-7.41232885255923e-18,-2.87096735274162e-16,1.39265769055763e-16,0.133052450815966,-1.50107790780618e-17,0.104796725460075,3.46944695195361e-18,0.14779110813795,"1",1.17929212980489,7.62911607198598,0.896867763530665,5.80499529129183,9.41079089838861
"84",1.22103659293958,8.06666666666667,-7.41232885255923e-18,-2.87096735274162e-16,1.39265769055763e-16,0.133052450815966,-1.50107790780618e-17,0.104796725460075,3.46944695195361e-18,0.14779110813795,"1",1.22103659293958,7.61943798053356,0.912447563646298,5.7499283224527,9.43061760319348
"85",1.26278105607428,8.06666666666667,-7.41232885255923e-18,-2.87096735274162e-16,1.39265769055763e-16,0.133052450815966,-1.50107790780618e-17,0.104796725460075,3.46944695195361e-18,0.14779110813795,"1",1.26278105607428,7.60151819873026,0.933554809531708,5.72546900139163,9.4632170511698
"86",1.30452551920898,8.06666666666667,-7.41232885255923e-18,-2.87096735274162e-16,1.39265769055763e-16,0.133052450815966,-1.50107790780618e-17,0.104796725460075,3.46944695195361e-18,0.14779110813795,"1",1.30452551920898,7.58332600002282,0.959499863223529,5.64697528357773,9.49971261526071
"87",1.34626998234367,8.06666666666667,-7.41232885255923e-18,-2.87096735274162e-16,1.39265769055763e-16,0.133052450815966,-1.50107790780618e-17,0.104796725460075,3.46944695195361e-18,0.14779110813795,"1",1.34626998234367,7.56356798653601,0.977577685792697,5.60380878923833,9.50867495610473
"88",1.38801444547837,8.06666666666667,-7.41232885255923e-18,-2.87096735274162e-16,1.39265769055763e-16,0.133052450815966,-1.50107790780618e-17,0.104796725460075,3.46944695195361e-18,0.14779110813795,"1",1.38801444547837,7.55667428795557,0.988578530006255,5.55902427412477,9.55485887070668
"89",1.42975890861306,8.06666666666667,-7.41232885255923e-18,-2.87096735274162e-16,1.39265769055763e-16,0.133052450815966,-1.50107790780618e-17,0.104796725460075,3.46944695195361e-18,0.14779110813795,"1",1.42975890861306,7.53907551065967,1.009596597092,5.50197595682825,9.55209490098919
"90",1.47150337174776,8.06666666666667,-7.41232885255923e-18,-2.87096735274162e-16,1.39265769055763e-16,0.133052450815966,-1.50107790780618e-17,0.104796725460075,3.46944695195361e-18,0.14779110813795,"1",1.47150337174776,7.52774659830064,1.02714533599065,5.45268947316071,9.55863433664786
"91",1.51324783488245,8.06666666666667,-7.41232885255923e-18,-2.87096735274162e-16,1.39265769055763e-16,0.133052450815966,-1.50107790780618e-17,0.104796725460075,3.46944695195361e-18,0.14779110813795,"1",1.51324783488245,7.50931214068994,1.04110760746928,5.38888286779112,9.59985589309512
"92",1.55499229801715,8.06666666666667,-7.41232885255923e-18,-2.87096735274162e-16,1.39265769055763e-16,0.133052450815966,-1.50107790780618e-17,0.104796725460075,3.46944695195361e-18,0.14779110813795,"1",1.55499229801715,7.48361312428395,1.06567710831083,5.32749571664363,9.63738671219112
"93",1.59673676115184,8.06666666666667,-7.41232885255923e-18,-2.87096735274162e-16,1.39265769055763e-16,0.133052450815966,-1.50107790780618e-17,0.104796725460075,3.46944695195361e-18,0.14779110813795,"1",1.59673676115184,7.47843011561356,1.0919244079774,5.25953538795477,9.65511293334572
"94",1.63848122428654,8.06666666666667,-7.41232885255923e-18,-2.87096735274162e-16,1.39265769055763e-16,0.133052450815966,-1.50107790780618e-17,0.104796725460075,3.46944695195361e-18,0.14779110813795,"1",1.63848122428654,7.46075408746688,1.11162762250607,5.22361172554183,9.67756352679838
"95",1.68022568742123,8.06666666666667,-7.41232885255923e-18,-2.87096735274162e-16,1.39265769055763e-16,0.133052450815966,-1.50107790780618e-17,0.104796725460075,3.46944695195361e-18,0.14779110813795,"1",1.68022568742123,7.44727370062076,1.1232380318424,5.14497181680747,9.70256360365731
"96",1.72197015055593,8.06666666666667,-7.41232885255923e-18,-2.87096735274162e-16,1.39265769055763e-16,0.133052450815966,-1.50107790780618e-17,0.104796725460075,3.46944695195361e-18,0.14779110813795,"1",1.72197015055593,7.43284023954424,1.14695160590127,5.10970892080529,9.73368789310887
"97",1.76371461369062,8.06666666666667,-7.41232885255923e-18,-2.87096735274162e-16,1.39265769055763e-16,0.133052450815966,-1.50107790780618e-17,0.104796725460075,3.46944695195361e-18,0.14779110813795,"1",1.76371461369062,7.41633229760451,1.16226285232717,5.03102536323294,9.78154790771963
"98",1.80545907682532,8.06666666666667,-7.41232885255923e-18,-2.87096735274162e-16,1.39265769055763e-16,0.133052450815966,-1.50107790780618e-17,0.104796725460075,3.46944695195361e-18,0.14779110813795,"1",1.80545907682532,7.40141055724548,1.19119504414629,4.97220939197746,9.79598134420324
"99",1.84720353996002,8.06666666666667,-7.41232885255923e-18,-2.87096735274162e-16,1.39265769055763e-16,0.133052450815966,-1.50107790780618e-17,0.104796725460075,3.46944695195361e-18,0.14779110813795,"1",1.84720353996002,7.3917050728936,1.20706409390993,4.96202679789001,9.80896187338957
"100",1.88894800309471,8.06666666666667,-7.41232885255923e-18,-2.87096735274162e-16,1.39265769055763e-16,0.133052450815966,-1.50107790780618e-17,0.104796725460075,3.46944695195361e-18,0.14779110813795,"1",1.88894800309471,7.36855040394454,1.22607366355428,4.85733734759527,9.84690919599676
