"","Age","y","Sex","BMI","Am","As","Bm","Bs","Cm","Cs","cond__","effect1__","estimate__","se__","lower__","upper__"
"1",-2.57251815940956,8.06666666666667,-7.41232885255923e-18,1.39265769055763e-16,4.44053069777646e-17,0.133052450815966,-1.50107790780618e-17,0.104796725460075,3.46944695195361e-18,0.14779110813795,"1",-2.57251815940956,9.36468679124121,1.6799001547579,5.95006430449333,12.7192662988189
"2",-2.52672738787133,8.06666666666667,-7.41232885255923e-18,1.39265769055763e-16,4.44053069777646e-17,0.133052450815966,-1.50107790780618e-17,0.104796725460075,3.46944695195361e-18,0.14779110813795,"1",-2.52672738787133,9.33185279142748,1.65899794258041,5.98514972591421,12.6410016232116
"3",-2.4809366163331,8.06666666666667,-7.41232885255923e-18,1.39265769055763e-16,4.44053069777646e-17,0.133052450815966,-1.50107790780618e-17,0.104796725460075,3.46944695195361e-18,0.14779110813795,"1",-2.4809366163331,9.31539153475227,1.63607964485004,5.99125987115772,12.5427672957498
"4",-2.43514584479487,8.06666666666667,-7.41232885255923e-18,1.39265769055763e-16,4.44053069777646e-17,0.133052450815966,-1.50107790780618e-17,0.104796725460075,3.46944695195361e-18,0.14779110813795,"1",-2.43514584479487,9.2887677789534,1.59205854874637,6.02859452267769,12.4679898845468
"5",-2.38935507325664,8.06666666666667,-7.41232885255923e-18,1.39265769055763e-16,4.44053069777646e-17,0.133052450815966,-1.50107790780618e-17,0.104796725460075,3.46944695195361e-18,0.14779110813795,"1",-2.38935507325664,9.26821797123301,1.58071815057251,6.05362894478506,12.398462700515
"6",-2.3435643017184,8.06666666666667,-7.41232885255923e-18,1.39265769055763e-16,4.44053069777646e-17,0.133052450815966,-1.50107790780618e-17,0.104796725460075,3.46944695195361e-18,0.14779110813795,"1",-2.3435643017184,9.24656434954134,1.54700991561178,6.10533275218539,12.3266392640974
"7",-2.29777353018017,8.06666666666667,-7.41232885255923e-18,1.39265769055763e-16,4.44053069777646e-17,0.133052450815966,-1.50107790780618e-17,0.104796725460075,3.46944695195361e-18,0.14779110813795,"1",-2.29777353018017,9.22645552743186,1.53361214942285,6.08862512601675,12.258933674386
"8",-2.25198275864194,8.06666666666667,-7.41232885255923e-18,1.39265769055763e-16,4.44053069777646e-17,0.133052450815966,-1.50107790780618e-17,0.104796725460075,3.46944695195361e-18,0.14779110813795,"1",-2.25198275864194,9.19931192208915,1.49275663545108,6.14683422950733,12.1651358442143
"9",-2.20619198710371,8.06666666666667,-7.41232885255923e-18,1.39265769055763e-16,4.44053069777646e-17,0.133052450815966,-1.50107790780618e-17,0.104796725460075,3.46944695195361e-18,0.14779110813795,"1",-2.20619198710371,9.18537283611731,1.47418298214138,6.16870115806966,12.08987303128
"10",-2.16040121556548,8.06666666666667,-7.41232885255923e-18,1.39265769055763e-16,4.44053069777646e-17,0.133052450815966,-1.50107790780618e-17,0.104796725460075,3.46944695195361e-18,0.14779110813795,"1",-2.16040121556548,9.15774322076761,1.44780927220362,6.19024240428616,12.0259732122325
"11",-2.11461044402724,8.06666666666667,-7.41232885255923e-18,1.39265769055763e-16,4.44053069777646e-17,0.133052450815966,-1.50107790780618e-17,0.104796725460075,3.46944695195361e-18,0.14779110813795,"1",-2.11461044402724,9.13583573365695,1.43008816025022,6.19810086741889,11.9551227666402
"12",-2.06881967248901,8.06666666666667,-7.41232885255923e-18,1.39265769055763e-16,4.44053069777646e-17,0.133052450815966,-1.50107790780618e-17,0.104796725460075,3.46944695195361e-18,0.14779110813795,"1",-2.06881967248901,9.10731645710348,1.39706439738441,6.2612360527682,11.891140982602
"13",-2.02302890095078,8.06666666666667,-7.41232885255923e-18,1.39265769055763e-16,4.44053069777646e-17,0.133052450815966,-1.50107790780618e-17,0.104796725460075,3.46944695195361e-18,0.14779110813795,"1",-2.02302890095078,9.0865339154679,1.37762314984601,6.29833029254711,11.7992620635216
"14",-1.97723812941255,8.06666666666667,-7.41232885255923e-18,1.39265769055763e-16,4.44053069777646e-17,0.133052450815966,-1.50107790780618e-17,0.104796725460075,3.46944695195361e-18,0.14779110813795,"1",-1.97723812941255,9.05637297859639,1.34265186662091,6.30621121251907,11.7472316602251
"15",-1.93144735787431,8.06666666666667,-7.41232885255923e-18,1.39265769055763e-16,4.44053069777646e-17,0.133052450815966,-1.50107790780618e-17,0.104796725460075,3.46944695195361e-18,0.14779110813795,"1",-1.93144735787431,9.03970769407328,1.31153274416806,6.34177804208676,11.6476325898268
"16",-1.88565658633608,8.06666666666667,-7.41232885255923e-18,1.39265769055763e-16,4.44053069777646e-17,0.133052450815966,-1.50107790780618e-17,0.104796725460075,3.46944695195361e-18,0.14779110813795,"1",-1.88565658633608,9.02674388381624,1.29494598033193,6.37599058501744,11.5818832532169
"17",-1.83986581479785,8.06666666666667,-7.41232885255923e-18,1.39265769055763e-16,4.44053069777646e-17,0.133052450815966,-1.50107790780618e-17,0.104796725460075,3.46944695195361e-18,0.14779110813795,"1",-1.83986581479785,8.99535564368232,1.26692290458696,6.41075708805046,11.5324790231456
"18",-1.79407504325962,8.06666666666667,-7.41232885255923e-18,1.39265769055763e-16,4.44053069777646e-17,0.133052450815966,-1.50107790780618e-17,0.104796725460075,3.46944695195361e-18,0.14779110813795,"1",-1.79407504325962,8.97452620978079,1.25173687583597,6.39496794744007,11.4485921422643
"19",-1.74828427172139,8.06666666666667,-7.41232885255923e-18,1.39265769055763e-16,4.44053069777646e-17,0.133052450815966,-1.50107790780618e-17,0.104796725460075,3.46944695195361e-18,0.14779110813795,"1",-1.74828427172139,8.94323584981779,1.21913597713852,6.46408644618711,11.338750028392
"20",-1.70249350018315,8.06666666666667,-7.41232885255923e-18,1.39265769055763e-16,4.44053069777646e-17,0.133052450815966,-1.50107790780618e-17,0.104796725460075,3.46944695195361e-18,0.14779110813795,"1",-1.70249350018315,8.92856377019028,1.19713169410638,6.47836597955401,11.2885849870877
"21",-1.65670272864492,8.06666666666667,-7.41232885255923e-18,1.39265769055763e-16,4.44053069777646e-17,0.133052450815966,-1.50107790780618e-17,0.104796725460075,3.46944695195361e-18,0.14779110813795,"1",-1.65670272864492,8.90259048224151,1.1695085405112,6.52867438434641,11.222360308232
"22",-1.61091195710669,8.06666666666667,-7.41232885255923e-18,1.39265769055763e-16,4.44053069777646e-17,0.133052450815966,-1.50107790780618e-17,0.104796725460075,3.46944695195361e-18,0.14779110813795,"1",-1.61091195710669,8.8856604727902,1.14586991832524,6.53947904686796,11.1525210875271
"23",-1.56512118556846,8.06666666666667,-7.41232885255923e-18,1.39265769055763e-16,4.44053069777646e-17,0.133052450815966,-1.50107790780618e-17,0.104796725460075,3.46944695195361e-18,0.14779110813795,"1",-1.56512118556846,8.86342364858564,1.12402183405962,6.55927263022763,11.0906354873494
"24",-1.51933041403023,8.06666666666667,-7.41232885255923e-18,1.39265769055763e-16,4.44053069777646e-17,0.133052450815966,-1.50107790780618e-17,0.104796725460075,3.46944695195361e-18,0.14779110813795,"1",-1.51933041403023,8.83859955608594,1.09850279882668,6.61153191124412,11.0079879623573
"25",-1.47353964249199,8.06666666666667,-7.41232885255923e-18,1.39265769055763e-16,4.44053069777646e-17,0.133052450815966,-1.50107790780618e-17,0.104796725460075,3.46944695195361e-18,0.14779110813795,"1",-1.47353964249199,8.81188951479725,1.08529706218083,6.61543953312397,10.946728890489
"26",-1.42774887095376,8.06666666666667,-7.41232885255923e-18,1.39265769055763e-16,4.44053069777646e-17,0.133052450815966,-1.50107790780618e-17,0.104796725460075,3.46944695195361e-18,0.14779110813795,"1",-1.42774887095376,8.78477643527403,1.06057935528899,6.64905503609628,10.8551236177699
"27",-1.38195809941553,8.06666666666667,-7.41232885255923e-18,1.39265769055763e-16,4.44053069777646e-17,0.133052450815966,-1.50107790780618e-17,0.104796725460075,3.46944695195361e-18,0.14779110813795,"1",-1.38195809941553,8.76375749134228,1.01209342644282,6.64925458055147,10.7922902438943
"28",-1.3361673278773,8.06666666666667,-7.41232885255923e-18,1.39265769055763e-16,4.44053069777646e-17,0.133052450815966,-1.50107790780618e-17,0.104796725460075,3.46944695195361e-18,0.14779110813795,"1",-1.3361673278773,8.74593614136776,1.00266917531267,6.6950936674268,10.7039779652108
"29",-1.29037655633907,8.06666666666667,-7.41232885255923e-18,1.39265769055763e-16,4.44053069777646e-17,0.133052450815966,-1.50107790780618e-17,0.104796725460075,3.46944695195361e-18,0.14779110813795,"1",-1.29037655633907,8.71970793978604,0.988092121881871,6.70653165964348,10.6526793512073
"30",-1.24458578480083,8.06666666666667,-7.41232885255923e-18,1.39265769055763e-16,4.44053069777646e-17,0.133052450815966,-1.50107790780618e-17,0.104796725460075,3.46944695195361e-18,0.14779110813795,"1",-1.24458578480083,8.68635838628872,0.965941060416986,6.74406075568822,10.5921476274463
"31",-1.1987950132626,8.06666666666667,-7.41232885255923e-18,1.39265769055763e-16,4.44053069777646e-17,0.133052450815966,-1.50107790780618e-17,0.104796725460075,3.46944695195361e-18,0.14779110813795,"1",-1.1987950132626,8.67442814014795,0.933128372651138,6.74350213969954,10.5163443980262
"32",-1.15300424172437,8.06666666666667,-7.41232885255923e-18,1.39265769055763e-16,4.44053069777646e-17,0.133052450815966,-1.50107790780618e-17,0.104796725460075,3.46944695195361e-18,0.14779110813795,"1",-1.15300424172437,8.64602587046505,0.916875262078763,6.78085749047293,10.4591048030361
"33",-1.10721347018614,8.06666666666667,-7.41232885255923e-18,1.39265769055763e-16,4.44053069777646e-17,0.133052450815966,-1.50107790780618e-17,0.104796725460075,3.46944695195361e-18,0.14779110813795,"1",-1.10721347018614,8.62152156671918,0.891913626011901,6.80339212213096,10.3851374822037
"34",-1.06142269864791,8.06666666666667,-7.41232885255923e-18,1.39265769055763e-16,4.44053069777646e-17,0.133052450815966,-1.50107790780618e-17,0.104796725460075,3.46944695195361e-18,0.14779110813795,"1",-1.06142269864791,8.59569568820837,0.878764476627415,6.82660437134844,10.3104481325901
"35",-1.01563192710967,8.06666666666667,-7.41232885255923e-18,1.39265769055763e-16,4.44053069777646e-17,0.133052450815966,-1.50107790780618e-17,0.104796725460075,3.46944695195361e-18,0.14779110813795,"1",-1.01563192710967,8.57923933506855,0.851878233203102,6.83468773917832,10.2532961884027
"36",-0.969841155571442,8.06666666666667,-7.41232885255923e-18,1.39265769055763e-16,4.44053069777646e-17,0.133052450815966,-1.50107790780618e-17,0.104796725460075,3.46944695195361e-18,0.14779110813795,"1",-0.969841155571442,8.55517553724545,0.834102492779307,6.861592298776,10.1957946273379
"37",-0.92405038403321,8.06666666666667,-7.41232885255923e-18,1.39265769055763e-16,4.44053069777646e-17,0.133052450815966,-1.50107790780618e-17,0.104796725460075,3.46944695195361e-18,0.14779110813795,"1",-0.92405038403321,8.52960662907577,0.811965273486465,6.86937789797367,10.1180233041016
"38",-0.878259612494978,8.06666666666667,-7.41232885255923e-18,1.39265769055763e-16,4.44053069777646e-17,0.133052450815966,-1.50107790780618e-17,0.104796725460075,3.46944695195361e-18,0.14779110813795,"1",-0.878259612494978,8.50440157257975,0.796504579880986,6.8873692517263,10.0514828512204
"39",-0.832468840956746,8.06666666666667,-7.41232885255923e-18,1.39265769055763e-16,4.44053069777646e-17,0.133052450815966,-1.50107790780618e-17,0.104796725460075,3.46944695195361e-18,0.14779110813795,"1",-0.832468840956746,8.48191687206482,0.777763050563257,6.89009965605567,10.0087873611223
"40",-0.786678069418514,8.06666666666667,-7.41232885255923e-18,1.39265769055763e-16,4.44053069777646e-17,0.133052450815966,-1.50107790780618e-17,0.104796725460075,3.46944695195361e-18,0.14779110813795,"1",-0.786678069418514,8.46299871165409,0.760148692491391,6.90109072355322,9.93289482219196
"41",-0.740887297880282,8.06666666666667,-7.41232885255923e-18,1.39265769055763e-16,4.44053069777646e-17,0.133052450815966,-1.50107790780618e-17,0.104796725460075,3.46944695195361e-18,0.14779110813795,"1",-0.740887297880282,8.42829279544864,0.737388044818203,6.93733686036548,9.8828287819483
"42",-0.69509652634205,8.06666666666667,-7.41232885255923e-18,1.39265769055763e-16,4.44053069777646e-17,0.133052450815966,-1.50107790780618e-17,0.104796725460075,3.46944695195361e-18,0.14779110813795,"1",-0.69509652634205,8.40731814943867,0.723308683033679,6.94923660737165,9.83869064677692
"43",-0.649305754803818,8.06666666666667,-7.41232885255923e-18,1.39265769055763e-16,4.44053069777646e-17,0.133052450815966,-1.50107790780618e-17,0.104796725460075,3.46944695195361e-18,0.14779110813795,"1",-0.649305754803818,8.38662544729865,0.714513951601614,6.96183937547382,9.76941178084653
"44",-0.603514983265586,8.06666666666667,-7.41232885255923e-18,1.39265769055763e-16,4.44053069777646e-17,0.133052450815966,-1.50107790780618e-17,0.104796725460075,3.46944695195361e-18,0.14779110813795,"1",-0.603514983265586,8.36970349914645,0.699273612792935,6.97061409389128,9.686895068179
"45",-0.557724211727353,8.06666666666667,-7.41232885255923e-18,1.39265769055763e-16,4.44053069777646e-17,0.133052450815966,-1.50107790780618e-17,0.104796725460075,3.46944695195361e-18,0.14779110813795,"1",-0.557724211727353,8.33449280834573,0.678020902656295,6.97955659605736,9.65941714974758
"46",-0.511933440189122,8.06666666666667,-7.41232885255923e-18,1.39265769055763e-16,4.44053069777646e-17,0.133052450815966,-1.50107790780618e-17,0.104796725460075,3.46944695195361e-18,0.14779110813795,"1",-0.511933440189122,8.31849111101818,0.670289032005329,6.98111052633998,9.62132886959486
"47",-0.466142668650889,8.06666666666667,-7.41232885255923e-18,1.39265769055763e-16,4.44053069777646e-17,0.133052450815966,-1.50107790780618e-17,0.104796725460075,3.46944695195361e-18,0.14779110813795,"1",-0.466142668650889,8.29499116786316,0.648555942645006,6.97888608338629,9.58065479173766
"48",-0.420351897112657,8.06666666666667,-7.41232885255923e-18,1.39265769055763e-16,4.44053069777646e-17,0.133052450815966,-1.50107790780618e-17,0.104796725460075,3.46944695195361e-18,0.14779110813795,"1",-0.420351897112657,8.27436181301171,0.639846741244573,6.98199622349694,9.51441536821936
"49",-0.374561125574425,8.06666666666667,-7.41232885255923e-18,1.39265769055763e-16,4.44053069777646e-17,0.133052450815966,-1.50107790780618e-17,0.104796725460075,3.46944695195361e-18,0.14779110813795,"1",-0.374561125574425,8.2479074531997,0.634626686162969,6.97603846454582,9.46300794098259
"50",-0.328770354036193,8.06666666666667,-7.41232885255923e-18,1.39265769055763e-16,4.44053069777646e-17,0.133052450815966,-1.50107790780618e-17,0.104796725460075,3.46944695195361e-18,0.14779110813795,"1",-0.328770354036193,8.22114230304128,0.624356838302388,6.97219413619046,9.42984460616995
"51",-0.282979582497961,8.06666666666667,-7.41232885255923e-18,1.39265769055763e-16,4.44053069777646e-17,0.133052450815966,-1.50107790780618e-17,0.104796725460075,3.46944695195361e-18,0.14779110813795,"1",-0.282979582497961,8.19551605957593,0.616340379927932,6.96685015295159,9.4034151735665
"52",-0.237188810959729,8.06666666666667,-7.41232885255923e-18,1.39265769055763e-16,4.44053069777646e-17,0.133052450815966,-1.50107790780618e-17,0.104796725460075,3.46944695195361e-18,0.14779110813795,"1",-0.237188810959729,8.17639735934387,0.607800349017806,6.9782577259999,9.35686406610979
"53",-0.191398039421497,8.06666666666667,-7.41232885255923e-18,1.39265769055763e-16,4.44053069777646e-17,0.133052450815966,-1.50107790780618e-17,0.104796725460075,3.46944695195361e-18,0.14779110813795,"1",-0.191398039421497,8.15377529887024,0.603677602630865,6.95631442205515,9.33324466133564
"54",-0.145607267883265,8.06666666666667,-7.41232885255923e-18,1.39265769055763e-16,4.44053069777646e-17,0.133052450815966,-1.50107790780618e-17,0.104796725460075,3.46944695195361e-18,0.14779110813795,"1",-0.145607267883265,8.12676340542088,0.593336382508196,6.94450517149994,9.28856203977995
"55",-0.0998164963450332,8.06666666666667,-7.41232885255923e-18,1.39265769055763e-16,4.44053069777646e-17,0.133052450815966,-1.50107790780618e-17,0.104796725460075,3.46944695195361e-18,0.14779110813795,"1",-0.0998164963450332,8.1124839887231,0.593665187977916,6.93583251268138,9.26856618846617
"56",-0.054025724806801,8.06666666666667,-7.41232885255923e-18,1.39265769055763e-16,4.44053069777646e-17,0.133052450815966,-1.50107790780618e-17,0.104796725460075,3.46944695195361e-18,0.14779110813795,"1",-0.054025724806801,8.08083191909523,0.592903954173791,6.90690522440589,9.23540815657244
"57",-0.00823495326856882,8.06666666666667,-7.41232885255923e-18,1.39265769055763e-16,4.44053069777646e-17,0.133052450815966,-1.50107790780618e-17,0.104796725460075,3.46944695195361e-18,0.14779110813795,"1",-0.00823495326856882,8.05340242407641,0.587290149718048,6.89289939996513,9.19833032971312
"58",0.0375558182696629,8.06666666666667,-7.41232885255923e-18,1.39265769055763e-16,4.44053069777646e-17,0.133052450815966,-1.50107790780618e-17,0.104796725460075,3.46944695195361e-18,0.14779110813795,"1",0.0375558182696629,8.03543468091526,0.593637754299855,6.85702056132129,9.19284781642166
"59",0.0833465898078951,8.06666666666667,-7.41232885255923e-18,1.39265769055763e-16,4.44053069777646e-17,0.133052450815966,-1.50107790780618e-17,0.104796725460075,3.46944695195361e-18,0.14779110813795,"1",0.0833465898078951,8.01125986794236,0.596559390659405,6.82976787436304,9.184752483769
"60",0.129137361346127,8.06666666666667,-7.41232885255923e-18,1.39265769055763e-16,4.44053069777646e-17,0.133052450815966,-1.50107790780618e-17,0.104796725460075,3.46944695195361e-18,0.14779110813795,"1",0.129137361346127,7.98792123421618,0.59358991565695,6.80250499535874,9.16743205514474
"61",0.174928132884359,8.06666666666667,-7.41232885255923e-18,1.39265769055763e-16,4.44053069777646e-17,0.133052450815966,-1.50107790780618e-17,0.104796725460075,3.46944695195361e-18,0.14779110813795,"1",0.174928132884359,7.9654852316396,0.602297863886949,6.77496472047223,9.1470826956941
"62",0.220718904422591,8.06666666666667,-7.41232885255923e-18,1.39265769055763e-16,4.44053069777646e-17,0.133052450815966,-1.50107790780618e-17,0.104796725460075,3.46944695195361e-18,0.14779110813795,"1",0.220718904422591,7.94173856798722,0.60571314200941,6.73188865407951,9.1322217064627
"63",0.266509675960823,8.06666666666667,-7.41232885255923e-18,1.39265769055763e-16,4.44053069777646e-17,0.133052450815966,-1.50107790780618e-17,0.104796725460075,3.46944695195361e-18,0.14779110813795,"1",0.266509675960823,7.91632643830571,0.623366384690754,6.71497847977797,9.13442477943544
"64",0.312300447499055,8.06666666666667,-7.41232885255923e-18,1.39265769055763e-16,4.44053069777646e-17,0.133052450815966,-1.50107790780618e-17,0.104796725460075,3.46944695195361e-18,0.14779110813795,"1",0.312300447499055,7.88669205830083,0.629489548839923,6.6473059145628,9.12233528314455
"65",0.358091219037287,8.06666666666667,-7.41232885255923e-18,1.39265769055763e-16,4.44053069777646e-17,0.133052450815966,-1.50107790780618e-17,0.104796725460075,3.46944695195361e-18,0.14779110813795,"1",0.358091219037287,7.86950279162749,0.637495467585147,6.60003150412112,9.12431520470845
"66",0.40388199057552,8.06666666666667,-7.41232885255923e-18,1.39265769055763e-16,4.44053069777646e-17,0.133052450815966,-1.50107790780618e-17,0.104796725460075,3.46944695195361e-18,0.14779110813795,"1",0.40388199057552,7.84196774328706,0.644173980250144,6.55897939945398,9.12027235073982
"67",0.449672762113751,8.06666666666667,-7.41232885255923e-18,1.39265769055763e-16,4.44053069777646e-17,0.133052450815966,-1.50107790780618e-17,0.104796725460075,3.46944695195361e-18,0.14779110813795,"1",0.449672762113751,7.82264364550505,0.669251183318072,6.52707151385169,9.11259232947865
"68",0.495463533651983,8.06666666666667,-7.41232885255923e-18,1.39265769055763e-16,4.44053069777646e-17,0.133052450815966,-1.50107790780618e-17,0.104796725460075,3.46944695195361e-18,0.14779110813795,"1",0.495463533651983,7.80063168010134,0.674057260862404,6.4630848588074,9.12946013599166
"69",0.541254305190216,8.06666666666667,-7.41232885255923e-18,1.39265769055763e-16,4.44053069777646e-17,0.133052450815966,-1.50107790780618e-17,0.104796725460075,3.46944695195361e-18,0.14779110813795,"1",0.541254305190216,7.77611620103275,0.692569836816466,6.42425794289528,9.15283830544193
"70",0.587045076728447,8.06666666666667,-7.41232885255923e-18,1.39265769055763e-16,4.44053069777646e-17,0.133052450815966,-1.50107790780618e-17,0.104796725460075,3.46944695195361e-18,0.14779110813795,"1",0.587045076728447,7.74722888128266,0.705488356628979,6.3562317701053,9.11555062849446
"71",0.63283584826668,8.06666666666667,-7.41232885255923e-18,1.39265769055763e-16,4.44053069777646e-17,0.133052450815966,-1.50107790780618e-17,0.104796725460075,3.46944695195361e-18,0.14779110813795,"1",0.63283584826668,7.72478695062212,0.714260038200128,6.32370000321029,9.13232667119643
"72",0.678626619804912,8.06666666666667,-7.41232885255923e-18,1.39265769055763e-16,4.44053069777646e-17,0.133052450815966,-1.50107790780618e-17,0.104796725460075,3.46944695195361e-18,0.14779110813795,"1",0.678626619804912,7.70448466891106,0.736125054579632,6.26124506307233,9.15462089598818
"73",0.724417391343144,8.06666666666667,-7.41232885255923e-18,1.39265769055763e-16,4.44053069777646e-17,0.133052450815966,-1.50107790780618e-17,0.104796725460075,3.46944695195361e-18,0.14779110813795,"1",0.724417391343144,7.68224645889973,0.754857267387386,6.22067215272229,9.16815868643667
"74",0.770208162881376,8.06666666666667,-7.41232885255923e-18,1.39265769055763e-16,4.44053069777646e-17,0.133052450815966,-1.50107790780618e-17,0.104796725460075,3.46944695195361e-18,0.14779110813795,"1",0.770208162881376,7.65677461325545,0.761911059910896,6.15462659526707,9.15970888079144
"75",0.815998934419608,8.06666666666667,-7.41232885255923e-18,1.39265769055763e-16,4.44053069777646e-17,0.133052450815966,-1.50107790780618e-17,0.104796725460075,3.46944695195361e-18,0.14779110813795,"1",0.815998934419608,7.63387638040624,0.783525946720613,6.09322763454565,9.18635382607585
"76",0.86178970595784,8.06666666666667,-7.41232885255923e-18,1.39265769055763e-16,4.44053069777646e-17,0.133052450815966,-1.50107790780618e-17,0.104796725460075,3.46944695195361e-18,0.14779110813795,"1",0.86178970595784,7.60779108365368,0.814762747719746,6.0211291636552,9.19436834818531
"77",0.907580477496072,8.06666666666667,-7.41232885255923e-18,1.39265769055763e-16,4.44053069777646e-17,0.133052450815966,-1.50107790780618e-17,0.104796725460075,3.46944695195361e-18,0.14779110813795,"1",0.907580477496072,7.59082257461588,0.821404442394822,5.97115303368988,9.22846980847539
"78",0.953371249034304,8.06666666666667,-7.41232885255923e-18,1.39265769055763e-16,4.44053069777646e-17,0.133052450815966,-1.50107790780618e-17,0.104796725460075,3.46944695195361e-18,0.14779110813795,"1",0.953371249034304,7.55988740514226,0.849798763353222,5.90493051042663,9.24136443439848
"79",0.999162020572536,8.06666666666667,-7.41232885255923e-18,1.39265769055763e-16,4.44053069777646e-17,0.133052450815966,-1.50107790780618e-17,0.104796725460075,3.46944695195361e-18,0.14779110813795,"1",0.999162020572536,7.54807597330867,0.871260669859019,5.85506601741841,9.25695688486718
"80",1.04495279211077,8.06666666666667,-7.41232885255923e-18,1.39265769055763e-16,4.44053069777646e-17,0.133052450815966,-1.50107790780618e-17,0.104796725460075,3.46944695195361e-18,0.14779110813795,"1",1.04495279211077,7.51923940217014,0.893770863250803,5.78989834362753,9.28566156086545
"81",1.090743563649,8.06666666666667,-7.41232885255923e-18,1.39265769055763e-16,4.44053069777646e-17,0.133052450815966,-1.50107790780618e-17,0.104796725460075,3.46944695195361e-18,0.14779110813795,"1",1.090743563649,7.48951466060042,0.915429703076219,5.69185297989336,9.3226554812191
"82",1.13653433518723,8.06666666666667,-7.41232885255923e-18,1.39265769055763e-16,4.44053069777646e-17,0.133052450815966,-1.50107790780618e-17,0.104796725460075,3.46944695195361e-18,0.14779110813795,"1",1.13653433518723,7.47205276128979,0.937690973039539,5.63817677118179,9.33799754483919
"83",1.18232510672546,8.06666666666667,-7.41232885255923e-18,1.39265769055763e-16,4.44053069777646e-17,0.133052450815966,-1.50107790780618e-17,0.104796725460075,3.46944695195361e-18,0.14779110813795,"1",1.18232510672546,7.44316120613679,0.953862655438145,5.54773875854602,9.35196854352059
"84",1.2281158782637,8.06666666666667,-7.41232885255923e-18,1.39265769055763e-16,4.44053069777646e-17,0.133052450815966,-1.50107790780618e-17,0.104796725460075,3.46944695195361e-18,0.14779110813795,"1",1.2281158782637,7.42427195363639,0.984794162052983,5.50772299071733,9.3711051210157
"85",1.27390664980193,8.06666666666667,-7.41232885255923e-18,1.39265769055763e-16,4.44053069777646e-17,0.133052450815966,-1.50107790780618e-17,0.104796725460075,3.46944695195361e-18,0.14779110813795,"1",1.27390664980193,7.39758875096576,1.0060369393424,5.42989996517399,9.41603142447434
"86",1.31969742134016,8.06666666666667,-7.41232885255923e-18,1.39265769055763e-16,4.44053069777646e-17,0.133052450815966,-1.50107790780618e-17,0.104796725460075,3.46944695195361e-18,0.14779110813795,"1",1.31969742134016,7.37892397747717,1.02600197944742,5.35998661733293,9.4183976772979
"87",1.36548819287839,8.06666666666667,-7.41232885255923e-18,1.39265769055763e-16,4.44053069777646e-17,0.133052450815966,-1.50107790780618e-17,0.104796725460075,3.46944695195361e-18,0.14779110813795,"1",1.36548819287839,7.3556117696398,1.05566967604619,5.31146312519306,9.45069343301602
"88",1.41127896441662,8.06666666666667,-7.41232885255923e-18,1.39265769055763e-16,4.44053069777646e-17,0.133052450815966,-1.50107790780618e-17,0.104796725460075,3.46944695195361e-18,0.14779110813795,"1",1.41127896441662,7.33510126234484,1.07127876908939,5.22299658010922,9.47291802170097
"89",1.45706973595486,8.06666666666667,-7.41232885255923e-18,1.39265769055763e-16,4.44053069777646e-17,0.133052450815966,-1.50107790780618e-17,0.104796725460075,3.46944695195361e-18,0.14779110813795,"1",1.45706973595486,7.31506839862459,1.10356499029859,5.16118617941333,9.50595415880581
"90",1.50286050749309,8.06666666666667,-7.41232885255923e-18,1.39265769055763e-16,4.44053069777646e-17,0.133052450815966,-1.50107790780618e-17,0.104796725460075,3.46944695195361e-18,0.14779110813795,"1",1.50286050749309,7.28954445722611,1.12902241769295,5.08844016752704,9.51155801310888
"91",1.54865127903132,8.06666666666667,-7.41232885255923e-18,1.39265769055763e-16,4.44053069777646e-17,0.133052450815966,-1.50107790780618e-17,0.104796725460075,3.46944695195361e-18,0.14779110813795,"1",1.54865127903132,7.27057482863311,1.14538611203514,5.00726355117776,9.54199873922554
"92",1.59444205056955,8.06666666666667,-7.41232885255923e-18,1.39265769055763e-16,4.44053069777646e-17,0.133052450815966,-1.50107790780618e-17,0.104796725460075,3.46944695195361e-18,0.14779110813795,"1",1.59444205056955,7.23324074021191,1.16839791524141,4.94374096230475,9.58139504376918
"93",1.64023282210778,8.06666666666667,-7.41232885255923e-18,1.39265769055763e-16,4.44053069777646e-17,0.133052450815966,-1.50107790780618e-17,0.104796725460075,3.46944695195361e-18,0.14779110813795,"1",1.64023282210778,7.20591865636884,1.19168513165186,4.86506658353533,9.59849416855979
"94",1.68602359364602,8.06666666666667,-7.41232885255923e-18,1.39265769055763e-16,4.44053069777646e-17,0.133052450815966,-1.50107790780618e-17,0.104796725460075,3.46944695195361e-18,0.14779110813795,"1",1.68602359364602,7.19717054104937,1.22519848489865,4.80186451754915,9.64299922648727
"95",1.73181436518425,8.06666666666667,-7.41232885255923e-18,1.39265769055763e-16,4.44053069777646e-17,0.133052450815966,-1.50107790780618e-17,0.104796725460075,3.46944695195361e-18,0.14779110813795,"1",1.73181436518425,7.16693173817108,1.24647543611452,4.73049003980732,9.63524432438116
"96",1.77760513672248,8.06666666666667,-7.41232885255923e-18,1.39265769055763e-16,4.44053069777646e-17,0.133052450815966,-1.50107790780618e-17,0.104796725460075,3.46944695195361e-18,0.14779110813795,"1",1.77760513672248,7.144022273046,1.26493875979087,4.65430519754513,9.65211529407531
"97",1.82339590826071,8.06666666666667,-7.41232885255923e-18,1.39265769055763e-16,4.44053069777646e-17,0.133052450815966,-1.50107790780618e-17,0.104796725460075,3.46944695195361e-18,0.14779110813795,"1",1.82339590826071,7.11773292944811,1.29449132865809,4.57464060253805,9.7217960854161
"98",1.86918667979895,8.06666666666667,-7.41232885255923e-18,1.39265769055763e-16,4.44053069777646e-17,0.133052450815966,-1.50107790780618e-17,0.104796725460075,3.46944695195361e-18,0.14779110813795,"1",1.86918667979895,7.09719569927624,1.31899957353392,4.48428133123096,9.71680042929352
"99",1.91497745133718,8.06666666666667,-7.41232885255923e-18,1.39265769055763e-16,4.44053069777646e-17,0.133052450815966,-1.50107790780618e-17,0.104796725460075,3.46944695195361e-18,0.14779110813795,"1",1.91497745133718,7.07099114354492,1.3576635689287,4.42076224382578,9.74534948249391
"100",1.96076822287541,8.06666666666667,-7.41232885255923e-18,1.39265769055763e-16,4.44053069777646e-17,0.133052450815966,-1.50107790780618e-17,0.104796725460075,3.46944695195361e-18,0.14779110813795,"1",1.96076822287541,7.04826866211173,1.37804876916016,4.36083135875016,9.77911204985398
