"","Sex","y","Age","BMI","Am","As","Bm","Bs","Cm","Cs","cond__","effect1__","estimate__","se__","lower__","upper__"
"1",-0.760885910252682,8.06666666666667,-2.87096735274162e-16,1.39265769055763e-16,4.44053069777646e-17,0.133052450815966,-1.50107790780618e-17,0.104796725460075,3.46944695195361e-18,0.14779110813795,"1",-0.760885910252682,8.638673345363,0.73617541358947,7.17141802902342,10.0805396145955
"2",-0.739924865893104,8.06666666666667,-2.87096735274162e-16,1.39265769055763e-16,4.44053069777646e-17,0.133052450815966,-1.50107790780618e-17,0.104796725460075,3.46944695195361e-18,0.14779110813795,"1",-0.739924865893104,8.61916243080467,0.714801909179295,7.1852800310026,10.0352162964697
"3",-0.718963821533526,8.06666666666667,-2.87096735274162e-16,1.39265769055763e-16,4.44053069777646e-17,0.133052450815966,-1.50107790780618e-17,0.104796725460075,3.46944695195361e-18,0.14779110813795,"1",-0.718963821533526,8.60568849092444,0.71523188783366,7.1640516750584,10.0029592749417
"4",-0.698002777173948,8.06666666666667,-2.87096735274162e-16,1.39265769055763e-16,4.44053069777646e-17,0.133052450815966,-1.50107790780618e-17,0.104796725460075,3.46944695195361e-18,0.14779110813795,"1",-0.698002777173948,8.58877880891668,0.707613476316335,7.15256703517995,9.97247774413968
"5",-0.67704173281437,8.06666666666667,-2.87096735274162e-16,1.39265769055763e-16,4.44053069777646e-17,0.133052450815966,-1.50107790780618e-17,0.104796725460075,3.46944695195361e-18,0.14779110813795,"1",-0.67704173281437,8.56985347864113,0.701149497440006,7.14884373536908,9.93713852676393
"6",-0.656080688454792,8.06666666666667,-2.87096735274162e-16,1.39265769055763e-16,4.44053069777646e-17,0.133052450815966,-1.50107790780618e-17,0.104796725460075,3.46944695195361e-18,0.14779110813795,"1",-0.656080688454792,8.55504042433066,0.694935669722942,7.14636638951253,9.9253280961975
"7",-0.635119644095214,8.06666666666667,-2.87096735274162e-16,1.39265769055763e-16,4.44053069777646e-17,0.133052450815966,-1.50107790780618e-17,0.104796725460075,3.46944695195361e-18,0.14779110813795,"1",-0.635119644095214,8.53212240197823,0.682133364317742,7.14596630858159,9.88479693369566
"8",-0.614158599735636,8.06666666666667,-2.87096735274162e-16,1.39265769055763e-16,4.44053069777646e-17,0.133052450815966,-1.50107790780618e-17,0.104796725460075,3.46944695195361e-18,0.14779110813795,"1",-0.614158599735636,8.5247089477439,0.688452150090578,7.1371980428244,9.85929386531528
"9",-0.593197555376058,8.06666666666667,-2.87096735274162e-16,1.39265769055763e-16,4.44053069777646e-17,0.133052450815966,-1.50107790780618e-17,0.104796725460075,3.46944695195361e-18,0.14779110813795,"1",-0.593197555376058,8.50722669892685,0.674196256875812,7.13580674478573,9.84216957065402
"10",-0.57223651101648,8.06666666666667,-2.87096735274162e-16,1.39265769055763e-16,4.44053069777646e-17,0.133052450815966,-1.50107790780618e-17,0.104796725460075,3.46944695195361e-18,0.14779110813795,"1",-0.57223651101648,8.49522246174995,0.670983226133321,7.13379408078927,9.80087545696826
"11",-0.551275466656902,8.06666666666667,-2.87096735274162e-16,1.39265769055763e-16,4.44053069777646e-17,0.133052450815966,-1.50107790780618e-17,0.104796725460075,3.46944695195361e-18,0.14779110813795,"1",-0.551275466656902,8.47007905358898,0.670908008758711,7.13342419670399,9.76548958840261
"12",-0.530314422297324,8.06666666666667,-2.87096735274162e-16,1.39265769055763e-16,4.44053069777646e-17,0.133052450815966,-1.50107790780618e-17,0.104796725460075,3.46944695195361e-18,0.14779110813795,"1",-0.530314422297324,8.46369437971854,0.666846156919811,7.14596021913843,9.75082966835991
"13",-0.509353377937746,8.06666666666667,-2.87096735274162e-16,1.39265769055763e-16,4.44053069777646e-17,0.133052450815966,-1.50107790780618e-17,0.104796725460075,3.46944695195361e-18,0.14779110813795,"1",-0.509353377937746,8.44113332730622,0.654997339567759,7.12630444855443,9.72072502124182
"14",-0.488392333578168,8.06666666666667,-2.87096735274162e-16,1.39265769055763e-16,4.44053069777646e-17,0.133052450815966,-1.50107790780618e-17,0.104796725460075,3.46944695195361e-18,0.14779110813795,"1",-0.488392333578168,8.42512115082401,0.650173999593018,7.10749018132177,9.70247015299775
"15",-0.46743128921859,8.06666666666667,-2.87096735274162e-16,1.39265769055763e-16,4.44053069777646e-17,0.133052450815966,-1.50107790780618e-17,0.104796725460075,3.46944695195361e-18,0.14779110813795,"1",-0.46743128921859,8.40521916240784,0.646978141985117,7.12047627880616,9.68032649502164
"16",-0.446470244859012,8.06666666666667,-2.87096735274162e-16,1.39265769055763e-16,4.44053069777646e-17,0.133052450815966,-1.50107790780618e-17,0.104796725460075,3.46944695195361e-18,0.14779110813795,"1",-0.446470244859012,8.39109823239771,0.641887322363643,7.09615125488744,9.66338540941099
"17",-0.425509200499434,8.06666666666667,-2.87096735274162e-16,1.39265769055763e-16,4.44053069777646e-17,0.133052450815966,-1.50107790780618e-17,0.104796725460075,3.46944695195361e-18,0.14779110813795,"1",-0.425509200499434,8.37830346567707,0.632514117699585,7.11898261314037,9.60996048197714
"18",-0.404548156139856,8.06666666666667,-2.87096735274162e-16,1.39265769055763e-16,4.44053069777646e-17,0.133052450815966,-1.50107790780618e-17,0.104796725460075,3.46944695195361e-18,0.14779110813795,"1",-0.404548156139856,8.36051120758201,0.630703029235538,7.10494375548426,9.59586462587431
"19",-0.383587111780278,8.06666666666667,-2.87096735274162e-16,1.39265769055763e-16,4.44053069777646e-17,0.133052450815966,-1.50107790780618e-17,0.104796725460075,3.46944695195361e-18,0.14779110813795,"1",-0.383587111780278,8.34530352522173,0.62817367622013,7.08429223119827,9.57575937059507
"20",-0.3626260674207,8.06666666666667,-2.87096735274162e-16,1.39265769055763e-16,4.44053069777646e-17,0.133052450815966,-1.50107790780618e-17,0.104796725460075,3.46944695195361e-18,0.14779110813795,"1",-0.3626260674207,8.32698660250911,0.623838933723206,7.07535614606857,9.54715650988739
"21",-0.341665023061122,8.06666666666667,-2.87096735274162e-16,1.39265769055763e-16,4.44053069777646e-17,0.133052450815966,-1.50107790780618e-17,0.104796725460075,3.46944695195361e-18,0.14779110813795,"1",-0.341665023061122,8.31377518172048,0.622235578487819,7.08154007878583,9.52321192867729
"22",-0.320703978701544,8.06666666666667,-2.87096735274162e-16,1.39265769055763e-16,4.44053069777646e-17,0.133052450815966,-1.50107790780618e-17,0.104796725460075,3.46944695195361e-18,0.14779110813795,"1",-0.320703978701544,8.30332740339324,0.609793184085979,7.06545327148432,9.48414637058469
"23",-0.299742934341966,8.06666666666667,-2.87096735274162e-16,1.39265769055763e-16,4.44053069777646e-17,0.133052450815966,-1.50107790780618e-17,0.104796725460075,3.46944695195361e-18,0.14779110813795,"1",-0.299742934341966,8.28401503417809,0.617285032290619,7.06084034726816,9.47994621928701
"24",-0.278781889982388,8.06666666666667,-2.87096735274162e-16,1.39265769055763e-16,4.44053069777646e-17,0.133052450815966,-1.50107790780618e-17,0.104796725460075,3.46944695195361e-18,0.14779110813795,"1",-0.278781889982388,8.26767511099182,0.612623887905309,7.04966836847511,9.46541044120111
"25",-0.25782084562281,8.06666666666667,-2.87096735274162e-16,1.39265769055763e-16,4.44053069777646e-17,0.133052450815966,-1.50107790780618e-17,0.104796725460075,3.46944695195361e-18,0.14779110813795,"1",-0.25782084562281,8.25347403827592,0.609795694116528,7.02243530053641,9.43278399512005
"26",-0.236859801263232,8.06666666666667,-2.87096735274162e-16,1.39265769055763e-16,4.44053069777646e-17,0.133052450815966,-1.50107790780618e-17,0.104796725460075,3.46944695195361e-18,0.14779110813795,"1",-0.236859801263232,8.2372831258076,0.606961906948818,7.01370213672992,9.40872164694495
"27",-0.215898756903654,8.06666666666667,-2.87096735274162e-16,1.39265769055763e-16,4.44053069777646e-17,0.133052450815966,-1.50107790780618e-17,0.104796725460075,3.46944695195361e-18,0.14779110813795,"1",-0.215898756903654,8.2144074065354,0.600954251136415,7.01581389964715,9.39819047640633
"28",-0.194937712544076,8.06666666666667,-2.87096735274162e-16,1.39265769055763e-16,4.44053069777646e-17,0.133052450815966,-1.50107790780618e-17,0.104796725460075,3.46944695195361e-18,0.14779110813795,"1",-0.194937712544076,8.20238533139391,0.602711497846183,7.01190981623433,9.35339658461453
"29",-0.173976668184498,8.06666666666667,-2.87096735274162e-16,1.39265769055763e-16,4.44053069777646e-17,0.133052450815966,-1.50107790780618e-17,0.104796725460075,3.46944695195361e-18,0.14779110813795,"1",-0.173976668184498,8.18354787689799,0.596459037867428,6.9975274456187,9.36146512288278
"30",-0.15301562382492,8.06666666666667,-2.87096735274162e-16,1.39265769055763e-16,4.44053069777646e-17,0.133052450815966,-1.50107790780618e-17,0.104796725460075,3.46944695195361e-18,0.14779110813795,"1",-0.15301562382492,8.17231478902978,0.594027388268828,6.97955617149206,9.33071845902625
"31",-0.132054579465342,8.06666666666667,-2.87096735274162e-16,1.39265769055763e-16,4.44053069777646e-17,0.133052450815966,-1.50107790780618e-17,0.104796725460075,3.46944695195361e-18,0.14779110813795,"1",-0.132054579465342,8.15383518080202,0.595319678159038,6.96020035357452,9.31813340778776
"32",-0.111093535105764,8.06666666666667,-2.87096735274162e-16,1.39265769055763e-16,4.44053069777646e-17,0.133052450815966,-1.50107790780618e-17,0.104796725460075,3.46944695195361e-18,0.14779110813795,"1",-0.111093535105764,8.13605876666411,0.589246626197304,6.96731109321762,9.30028356223205
"33",-0.0901324907461856,8.06666666666667,-2.87096735274162e-16,1.39265769055763e-16,4.44053069777646e-17,0.133052450815966,-1.50107790780618e-17,0.104796725460075,3.46944695195361e-18,0.14779110813795,"1",-0.0901324907461856,8.12122613824568,0.597633957785933,6.93055221295605,9.28415060816098
"34",-0.0691714463866075,8.06666666666667,-2.87096735274162e-16,1.39265769055763e-16,4.44053069777646e-17,0.133052450815966,-1.50107790780618e-17,0.104796725460075,3.46944695195361e-18,0.14779110813795,"1",-0.0691714463866075,8.10890857510097,0.594788546432258,6.92899585493732,9.26224598212855
"35",-0.0482104020270295,8.06666666666667,-2.87096735274162e-16,1.39265769055763e-16,4.44053069777646e-17,0.133052450815966,-1.50107790780618e-17,0.104796725460075,3.46944695195361e-18,0.14779110813795,"1",-0.0482104020270295,8.0891677960222,0.589434833427049,6.92215804758835,9.24788484347728
"36",-0.0272493576674515,8.06666666666667,-2.87096735274162e-16,1.39265769055763e-16,4.44053069777646e-17,0.133052450815966,-1.50107790780618e-17,0.104796725460075,3.46944695195361e-18,0.14779110813795,"1",-0.0272493576674515,8.07884038745978,0.591177321357744,6.90380941363249,9.23043136339303
"37",-0.00628831330787349,8.06666666666667,-2.87096735274162e-16,1.39265769055763e-16,4.44053069777646e-17,0.133052450815966,-1.50107790780618e-17,0.104796725460075,3.46944695195361e-18,0.14779110813795,"1",-0.00628831330787349,8.05877077921941,0.587294497528121,6.88281571158574,9.22097847710773
"38",0.0146727310517045,8.06666666666667,-2.87096735274162e-16,1.39265769055763e-16,4.44053069777646e-17,0.133052450815966,-1.50107790780618e-17,0.104796725460075,3.46944695195361e-18,0.14779110813795,"1",0.0146727310517045,8.0435635012207,0.592246946693823,6.87867140568144,9.18875462828304
"39",0.0356337754112825,8.06666666666667,-2.87096735274162e-16,1.39265769055763e-16,4.44053069777646e-17,0.133052450815966,-1.50107790780618e-17,0.104796725460075,3.46944695195361e-18,0.14779110813795,"1",0.0356337754112825,8.02697734413419,0.58926334195564,6.84312739588046,9.17831030147264
"40",0.0565948197708606,8.06666666666667,-2.87096735274162e-16,1.39265769055763e-16,4.44053069777646e-17,0.133052450815966,-1.50107790780618e-17,0.104796725460075,3.46944695195361e-18,0.14779110813795,"1",0.0565948197708606,8.01349378449742,0.589396045921456,6.83373917396918,9.17661825252284
"41",0.0775558641304386,8.06666666666667,-2.87096735274162e-16,1.39265769055763e-16,4.44053069777646e-17,0.133052450815966,-1.50107790780618e-17,0.104796725460075,3.46944695195361e-18,0.14779110813795,"1",0.0775558641304386,7.99876382775946,0.592590987630995,6.82864190129407,9.16889342023325
"42",0.0985169084900166,8.06666666666667,-2.87096735274162e-16,1.39265769055763e-16,4.44053069777646e-17,0.133052450815966,-1.50107790780618e-17,0.104796725460075,3.46944695195361e-18,0.14779110813795,"1",0.0985169084900166,7.97629752446174,0.59494088101243,6.79649461638735,9.13406022921578
"43",0.119477952849595,8.06666666666667,-2.87096735274162e-16,1.39265769055763e-16,4.44053069777646e-17,0.133052450815966,-1.50107790780618e-17,0.104796725460075,3.46944695195361e-18,0.14779110813795,"1",0.119477952849595,7.96156395531136,0.586919047221857,6.7832919255798,9.14312935512529
"44",0.140438997209173,8.06666666666667,-2.87096735274162e-16,1.39265769055763e-16,4.44053069777646e-17,0.133052450815966,-1.50107790780618e-17,0.104796725460075,3.46944695195361e-18,0.14779110813795,"1",0.140438997209173,7.94952403788096,0.598453879539107,6.77277763299597,9.11473186853086
"45",0.161400041568751,8.06666666666667,-2.87096735274162e-16,1.39265769055763e-16,4.44053069777646e-17,0.133052450815966,-1.50107790780618e-17,0.104796725460075,3.46944695195361e-18,0.14779110813795,"1",0.161400041568751,7.92810408088131,0.600537249462695,6.74836444891103,9.11154978195052
"46",0.182361085928329,8.06666666666667,-2.87096735274162e-16,1.39265769055763e-16,4.44053069777646e-17,0.133052450815966,-1.50107790780618e-17,0.104796725460075,3.46944695195361e-18,0.14779110813795,"1",0.182361085928329,7.91414843543045,0.602843906989089,6.73427866499806,9.10267440617835
"47",0.203322130287907,8.06666666666667,-2.87096735274162e-16,1.39265769055763e-16,4.44053069777646e-17,0.133052450815966,-1.50107790780618e-17,0.104796725460075,3.46944695195361e-18,0.14779110813795,"1",0.203322130287907,7.89710671498387,0.600741082000858,6.71845683374139,9.08500007081208
"48",0.224283174647485,8.06666666666667,-2.87096735274162e-16,1.39265769055763e-16,4.44053069777646e-17,0.133052450815966,-1.50107790780618e-17,0.104796725460075,3.46944695195361e-18,0.14779110813795,"1",0.224283174647485,7.88270537668631,0.611532638439193,6.70061842973494,9.0643821120952
"49",0.245244219007063,8.06666666666667,-2.87096735274162e-16,1.39265769055763e-16,4.44053069777646e-17,0.133052450815966,-1.50107790780618e-17,0.104796725460075,3.46944695195361e-18,0.14779110813795,"1",0.245244219007063,7.87529670576191,0.610615523566779,6.67888618413087,9.07393065105923
"50",0.266205263366641,8.06666666666667,-2.87096735274162e-16,1.39265769055763e-16,4.44053069777646e-17,0.133052450815966,-1.50107790780618e-17,0.104796725460075,3.46944695195361e-18,0.14779110813795,"1",0.266205263366641,7.85093210602134,0.606729246360012,6.63711357025555,9.04377306126194
"51",0.287166307726219,8.06666666666667,-2.87096735274162e-16,1.39265769055763e-16,4.44053069777646e-17,0.133052450815966,-1.50107790780618e-17,0.104796725460075,3.46944695195361e-18,0.14779110813795,"1",0.287166307726219,7.8320850278921,0.612049459773322,6.63025934520893,9.05238812227679
"52",0.308127352085797,8.06666666666667,-2.87096735274162e-16,1.39265769055763e-16,4.44053069777646e-17,0.133052450815966,-1.50107790780618e-17,0.104796725460075,3.46944695195361e-18,0.14779110813795,"1",0.308127352085797,7.80983477686251,0.615938861073148,6.60013527149447,9.0242132008503
"53",0.329088396445375,8.06666666666667,-2.87096735274162e-16,1.39265769055763e-16,4.44053069777646e-17,0.133052450815966,-1.50107790780618e-17,0.104796725460075,3.46944695195361e-18,0.14779110813795,"1",0.329088396445375,7.80619086962485,0.623000667601587,6.57723077998229,9.0325357230471
"54",0.350049440804953,8.06666666666667,-2.87096735274162e-16,1.39265769055763e-16,4.44053069777646e-17,0.133052450815966,-1.50107790780618e-17,0.104796725460075,3.46944695195361e-18,0.14779110813795,"1",0.350049440804953,7.78449468622374,0.628027519615568,6.56255637086928,9.019710809605
"55",0.371010485164531,8.06666666666667,-2.87096735274162e-16,1.39265769055763e-16,4.44053069777646e-17,0.133052450815966,-1.50107790780618e-17,0.104796725460075,3.46944695195361e-18,0.14779110813795,"1",0.371010485164531,7.7716860364804,0.628266436326677,6.54384141597573,9.02726616308101
"56",0.391971529524109,8.06666666666667,-2.87096735274162e-16,1.39265769055763e-16,4.44053069777646e-17,0.133052450815966,-1.50107790780618e-17,0.104796725460075,3.46944695195361e-18,0.14779110813795,"1",0.391971529524109,7.75396941555503,0.63019725491058,6.51301849920307,9.00817804719406
"57",0.412932573883687,8.06666666666667,-2.87096735274162e-16,1.39265769055763e-16,4.44053069777646e-17,0.133052450815966,-1.50107790780618e-17,0.104796725460075,3.46944695195361e-18,0.14779110813795,"1",0.412932573883687,7.73982918220799,0.641313723832315,6.50065267699187,9.00162010133875
"58",0.433893618243265,8.06666666666667,-2.87096735274162e-16,1.39265769055763e-16,4.44053069777646e-17,0.133052450815966,-1.50107790780618e-17,0.104796725460075,3.46944695195361e-18,0.14779110813795,"1",0.433893618243265,7.72884217495123,0.633226301945021,6.48237292714447,8.97129907367655
"59",0.454854662602843,8.06666666666667,-2.87096735274162e-16,1.39265769055763e-16,4.44053069777646e-17,0.133052450815966,-1.50107790780618e-17,0.104796725460075,3.46944695195361e-18,0.14779110813795,"1",0.454854662602843,7.70486635083488,0.644729364723316,6.44331162839756,8.98252022765205
"60",0.475815706962421,8.06666666666667,-2.87096735274162e-16,1.39265769055763e-16,4.44053069777646e-17,0.133052450815966,-1.50107790780618e-17,0.104796725460075,3.46944695195361e-18,0.14779110813795,"1",0.475815706962421,7.68957251132585,0.651270469105612,6.41188114470642,8.98911606864028
"61",0.496776751321999,8.06666666666667,-2.87096735274162e-16,1.39265769055763e-16,4.44053069777646e-17,0.133052450815966,-1.50107790780618e-17,0.104796725460075,3.46944695195361e-18,0.14779110813795,"1",0.496776751321999,7.67291610945829,0.662017787792048,6.38822585266124,8.9592766054329
"62",0.517737795681577,8.06666666666667,-2.87096735274162e-16,1.39265769055763e-16,4.44053069777646e-17,0.133052450815966,-1.50107790780618e-17,0.104796725460075,3.46944695195361e-18,0.14779110813795,"1",0.517737795681577,7.65830307467793,0.660348419367432,6.36700971969082,8.96191513861789
"63",0.538698840041155,8.06666666666667,-2.87096735274162e-16,1.39265769055763e-16,4.44053069777646e-17,0.133052450815966,-1.50107790780618e-17,0.104796725460075,3.46944695195361e-18,0.14779110813795,"1",0.538698840041155,7.64210538761909,0.669352530261464,6.32801826568544,8.95316549599471
"64",0.559659884400733,8.06666666666667,-2.87096735274162e-16,1.39265769055763e-16,4.44053069777646e-17,0.133052450815966,-1.50107790780618e-17,0.104796725460075,3.46944695195361e-18,0.14779110813795,"1",0.559659884400733,7.62700535776191,0.664318994341387,6.30151259166645,8.95787189740086
"65",0.580620928760311,8.06666666666667,-2.87096735274162e-16,1.39265769055763e-16,4.44053069777646e-17,0.133052450815966,-1.50107790780618e-17,0.104796725460075,3.46944695195361e-18,0.14779110813795,"1",0.580620928760311,7.60819825851869,0.676263150748609,6.29181975716932,8.9592657901689
"66",0.601581973119889,8.06666666666667,-2.87096735274162e-16,1.39265769055763e-16,4.44053069777646e-17,0.133052450815966,-1.50107790780618e-17,0.104796725460075,3.46944695195361e-18,0.14779110813795,"1",0.601581973119889,7.59937528213587,0.691749411669963,6.26412105156038,8.94571266687918
"67",0.622543017479467,8.06666666666667,-2.87096735274162e-16,1.39265769055763e-16,4.44053069777646e-17,0.133052450815966,-1.50107790780618e-17,0.104796725460075,3.46944695195361e-18,0.14779110813795,"1",0.622543017479467,7.58095162698773,0.682895349136042,6.22403795823047,8.938782081677
"68",0.643504061839045,8.06666666666667,-2.87096735274162e-16,1.39265769055763e-16,4.44053069777646e-17,0.133052450815966,-1.50107790780618e-17,0.104796725460075,3.46944695195361e-18,0.14779110813795,"1",0.643504061839045,7.56393474744297,0.699316973335543,6.21083634700725,8.94224196020071
"69",0.664465106198623,8.06666666666667,-2.87096735274162e-16,1.39265769055763e-16,4.44053069777646e-17,0.133052450815966,-1.50107790780618e-17,0.104796725460075,3.46944695195361e-18,0.14779110813795,"1",0.664465106198623,7.55147436461489,0.70747165253177,6.16834719704124,8.92641783995534
"70",0.685426150558201,8.06666666666667,-2.87096735274162e-16,1.39265769055763e-16,4.44053069777646e-17,0.133052450815966,-1.50107790780618e-17,0.104796725460075,3.46944695195361e-18,0.14779110813795,"1",0.685426150558201,7.52859311378845,0.709783536628775,6.13357231522,8.94433323159106
"71",0.706387194917779,8.06666666666667,-2.87096735274162e-16,1.39265769055763e-16,4.44053069777646e-17,0.133052450815966,-1.50107790780618e-17,0.104796725460075,3.46944695195361e-18,0.14779110813795,"1",0.706387194917779,7.51131894438135,0.718522397237537,6.12476086332044,8.93683213066895
"72",0.727348239277357,8.06666666666667,-2.87096735274162e-16,1.39265769055763e-16,4.44053069777646e-17,0.133052450815966,-1.50107790780618e-17,0.104796725460075,3.46944695195361e-18,0.14779110813795,"1",0.727348239277357,7.50094241331649,0.732725605048323,6.10267688067001,8.9425110071239
"73",0.748309283636935,8.06666666666667,-2.87096735274162e-16,1.39265769055763e-16,4.44053069777646e-17,0.133052450815966,-1.50107790780618e-17,0.104796725460075,3.46944695195361e-18,0.14779110813795,"1",0.748309283636935,7.48518727517165,0.732275749028949,6.06164457760144,8.93598239497335
"74",0.769270327996513,8.06666666666667,-2.87096735274162e-16,1.39265769055763e-16,4.44053069777646e-17,0.133052450815966,-1.50107790780618e-17,0.104796725460075,3.46944695195361e-18,0.14779110813795,"1",0.769270327996513,7.46935765657217,0.737155224812717,6.04487778251968,8.92259329845188
"75",0.790231372356091,8.06666666666667,-2.87096735274162e-16,1.39265769055763e-16,4.44053069777646e-17,0.133052450815966,-1.50107790780618e-17,0.104796725460075,3.46944695195361e-18,0.14779110813795,"1",0.790231372356091,7.44830271434954,0.749127598772645,5.98310916916731,8.92242474404229
"76",0.811192416715669,8.06666666666667,-2.87096735274162e-16,1.39265769055763e-16,4.44053069777646e-17,0.133052450815966,-1.50107790780618e-17,0.104796725460075,3.46944695195361e-18,0.14779110813795,"1",0.811192416715669,7.42854172500986,0.752566068409699,5.97902787433749,8.91861382173997
"77",0.832153461075247,8.06666666666667,-2.87096735274162e-16,1.39265769055763e-16,4.44053069777646e-17,0.133052450815966,-1.50107790780618e-17,0.104796725460075,3.46944695195361e-18,0.14779110813795,"1",0.832153461075247,7.41819120018023,0.759573528558242,5.93601517750384,8.92196665070296
"78",0.853114505434825,8.06666666666667,-2.87096735274162e-16,1.39265769055763e-16,4.44053069777646e-17,0.133052450815966,-1.50107790780618e-17,0.104796725460075,3.46944695195361e-18,0.14779110813795,"1",0.853114505434825,7.40366091291404,0.766220569640066,5.9075885868541,8.91861362773845
"79",0.874075549794403,8.06666666666667,-2.87096735274162e-16,1.39265769055763e-16,4.44053069777646e-17,0.133052450815966,-1.50107790780618e-17,0.104796725460075,3.46944695195361e-18,0.14779110813795,"1",0.874075549794403,7.38379712714595,0.779854680300817,5.87658574824756,8.90924831563099
"80",0.895036594153981,8.06666666666667,-2.87096735274162e-16,1.39265769055763e-16,4.44053069777646e-17,0.133052450815966,-1.50107790780618e-17,0.104796725460075,3.46944695195361e-18,0.14779110813795,"1",0.895036594153981,7.37051894244709,0.789098292660735,5.84863628149287,8.92633328584136
"81",0.915997638513559,8.06666666666667,-2.87096735274162e-16,1.39265769055763e-16,4.44053069777646e-17,0.133052450815966,-1.50107790780618e-17,0.104796725460075,3.46944695195361e-18,0.14779110813795,"1",0.915997638513559,7.35461069426163,0.796552897062099,5.80959459630247,8.90811404308147
"82",0.936958682873137,8.06666666666667,-2.87096735274162e-16,1.39265769055763e-16,4.44053069777646e-17,0.133052450815966,-1.50107790780618e-17,0.104796725460075,3.46944695195361e-18,0.14779110813795,"1",0.936958682873137,7.33780148681271,0.797543462440767,5.77904104554185,8.91054947458781
"83",0.957919727232715,8.06666666666667,-2.87096735274162e-16,1.39265769055763e-16,4.44053069777646e-17,0.133052450815966,-1.50107790780618e-17,0.104796725460075,3.46944695195361e-18,0.14779110813795,"1",0.957919727232715,7.32512426585733,0.812527440995593,5.73564166257012,8.91496071248451
"84",0.978880771592293,8.06666666666667,-2.87096735274162e-16,1.39265769055763e-16,4.44053069777646e-17,0.133052450815966,-1.50107790780618e-17,0.104796725460075,3.46944695195361e-18,0.14779110813795,"1",0.978880771592293,7.31103630596241,0.812036758342048,5.71011679013901,8.92348611687884
"85",0.999841815951871,8.06666666666667,-2.87096735274162e-16,1.39265769055763e-16,4.44053069777646e-17,0.133052450815966,-1.50107790780618e-17,0.104796725460075,3.46944695195361e-18,0.14779110813795,"1",0.999841815951871,7.2889868509757,0.828386667401883,5.68623413874504,8.93072392236775
"86",1.02080286031145,8.06666666666667,-2.87096735274162e-16,1.39265769055763e-16,4.44053069777646e-17,0.133052450815966,-1.50107790780618e-17,0.104796725460075,3.46944695195361e-18,0.14779110813795,"1",1.02080286031145,7.27213988981945,0.824355338663609,5.66017222106486,8.940561881086
"87",1.04176390467103,8.06666666666667,-2.87096735274162e-16,1.39265769055763e-16,4.44053069777646e-17,0.133052450815966,-1.50107790780618e-17,0.104796725460075,3.46944695195361e-18,0.14779110813795,"1",1.04176390467103,7.25510645481952,0.830916216236025,5.61721845158221,8.92922869728858
"88",1.06272494903061,8.06666666666667,-2.87096735274162e-16,1.39265769055763e-16,4.44053069777646e-17,0.133052450815966,-1.50107790780618e-17,0.104796725460075,3.46944695195361e-18,0.14779110813795,"1",1.06272494903061,7.24432274436916,0.846668583888978,5.5872975420023,8.94172892223055
"89",1.08368599339018,8.06666666666667,-2.87096735274162e-16,1.39265769055763e-16,4.44053069777646e-17,0.133052450815966,-1.50107790780618e-17,0.104796725460075,3.46944695195361e-18,0.14779110813795,"1",1.08368599339018,7.21849219265968,0.849134737615372,5.54390189115322,8.94037008878873
"90",1.10464703774976,8.06666666666667,-2.87096735274162e-16,1.39265769055763e-16,4.44053069777646e-17,0.133052450815966,-1.50107790780618e-17,0.104796725460075,3.46944695195361e-18,0.14779110813795,"1",1.10464703774976,7.20897822540874,0.871117425660194,5.52311777116879,8.92300815339291
"91",1.12560808210934,8.06666666666667,-2.87096735274162e-16,1.39265769055763e-16,4.44053069777646e-17,0.133052450815966,-1.50107790780618e-17,0.104796725460075,3.46944695195361e-18,0.14779110813795,"1",1.12560808210934,7.18981223191935,0.872415872511258,5.49662364445687,8.90680436036854
"92",1.14656912646892,8.06666666666667,-2.87096735274162e-16,1.39265769055763e-16,4.44053069777646e-17,0.133052450815966,-1.50107790780618e-17,0.104796725460075,3.46944695195361e-18,0.14779110813795,"1",1.14656912646892,7.17615487056027,0.878987368641697,5.43684115101872,8.93284234352496
"93",1.1675301708285,8.06666666666667,-2.87096735274162e-16,1.39265769055763e-16,4.44053069777646e-17,0.133052450815966,-1.50107790780618e-17,0.104796725460075,3.46944695195361e-18,0.14779110813795,"1",1.1675301708285,7.16318943204985,0.884864319472106,5.41898205641311,8.930670084999
"94",1.18849121518807,8.06666666666667,-2.87096735274162e-16,1.39265769055763e-16,4.44053069777646e-17,0.133052450815966,-1.50107790780618e-17,0.104796725460075,3.46944695195361e-18,0.14779110813795,"1",1.18849121518807,7.1382257319817,0.899923975740342,5.38452334211623,8.9360111715602
"95",1.20945225954765,8.06666666666667,-2.87096735274162e-16,1.39265769055763e-16,4.44053069777646e-17,0.133052450815966,-1.50107790780618e-17,0.104796725460075,3.46944695195361e-18,0.14779110813795,"1",1.20945225954765,7.12489246806235,0.907646250172821,5.34457557128174,8.94731099265481
"96",1.23041330390723,8.06666666666667,-2.87096735274162e-16,1.39265769055763e-16,4.44053069777646e-17,0.133052450815966,-1.50107790780618e-17,0.104796725460075,3.46944695195361e-18,0.14779110813795,"1",1.23041330390723,7.10889708766092,0.923585211878419,5.30652829571715,8.9088668306723
"97",1.25137434826681,8.06666666666667,-2.87096735274162e-16,1.39265769055763e-16,4.44053069777646e-17,0.133052450815966,-1.50107790780618e-17,0.104796725460075,3.46944695195361e-18,0.14779110813795,"1",1.25137434826681,7.09942044743604,0.92090478500672,5.29164841587187,8.94663084650097
"98",1.27233539262639,8.06666666666667,-2.87096735274162e-16,1.39265769055763e-16,4.44053069777646e-17,0.133052450815966,-1.50107790780618e-17,0.104796725460075,3.46944695195361e-18,0.14779110813795,"1",1.27233539262639,7.07601879265179,0.933183833110732,5.2299266761124,8.94279449260273
"99",1.29329643698596,8.06666666666667,-2.87096735274162e-16,1.39265769055763e-16,4.44053069777646e-17,0.133052450815966,-1.50107790780618e-17,0.104796725460075,3.46944695195361e-18,0.14779110813795,"1",1.29329643698596,7.06727801043175,0.943687554089278,5.22318533454311,8.93927005178928
"100",1.31425748134554,8.06666666666667,-2.87096735274162e-16,1.39265769055763e-16,4.44053069777646e-17,0.133052450815966,-1.50107790780618e-17,0.104796725460075,3.46944695195361e-18,0.14779110813795,"1",1.31425748134554,7.0367864637238,0.962162912367366,5.20328727019228,8.94224668089003
